BLOCK_NUMBER,BLOCK_TIMESTAMP,TIMESTAMP_SECONDS,TX_HASH,EOA,TOKEN_ADDRESS,TOKEN_SYMBOL,RAW_AMOUNT,DESTINATIONCHAIN
16426406,05:35.0,1673957135,0xee84080667ae291382f747169bf47c466520064aa3a0fe3a691d5e7ae070494a,0xa53e96aab610264891f7132aac720f0530473757,0xa0b86991c6218b36c1d19d4a2e9eb0ce3606eb48,USDC,39008969,kujira
16645828,41:11.0,1676605271,0xb1caa1987a110da02b7c74d7c46eece3f4678cc9322852524947128411a8716d,0x8666dd0923415f580635c363ad83bbedc31e0db6,0xa0b86991c6218b36c1d19d4a2e9eb0ce3606eb48,USDC,571440955,Polygon
16541528,51:35.0,1675345895,0xffa40fa6a6e0678229a7bdbd89ed6ecb6461092d26fd56e124d23b91f38e57a3,0x8ebed0ff2b0232b0aedbfe6e9c0f72ac72577869,0xa0b86991c6218b36c1d19d4a2e9eb0ce3606eb48,USDC,33376603,Moonbeam
16087822,19:11.0,1669871951,0x7106c026e942a5c25f594858590123518537ff8f346e72c8a7d191853f6e2d32,0x3e897ff1aec9a7b13538f628495fbd90fb0669ff,0xa0b86991c6218b36c1d19d4a2e9eb0ce3606eb48,USDC,1000000,Polygon
16216959,29:59.0,1671431399,0xbfa034864132dad82dab84b20df96f76a38c1739674f5736f810e2fa91b54bd6,0x224dfb76b12cc78fb6b4b2eef9a60db8a68a2041,0xa0b86991c6218b36c1d19d4a2e9eb0ce3606eb48,USDC,52973676,Polygon
16541457,37:23.0,1675345043,0x5cee46ad7200099836746be6079efea6a4de8db4b6b6267cb86df9867a66fba8,0xa27cc966246eeb9589525012dcdd32ad0908517b,0xa0b86991c6218b36c1d19d4a2e9eb0ce3606eb48,USDC,83539432,Moonbeam
16166402,00:23.0,1670821223,0x929731c4364aa6280892daea9a6ff6b09387fef78a17003a07ffd518920d04e5,0x3e897ff1aec9a7b13538f628495fbd90fb0669ff,0xa0b86991c6218b36c1d19d4a2e9eb0ce3606eb48,USDC,12399874,Avalanche
16166403,00:35.0,1670821235,0x5887e7a4fcd2a916d16c2c57b28c86a75570536c6c8cd80b21da1d7890b60f65,0x3e897ff1aec9a7b13538f628495fbd90fb0669ff,0xa0b86991c6218b36c1d19d4a2e9eb0ce3606eb48,USDC,12399867,Moonbeam
16450988,25:59.0,1674253559,0x968cdc87502b46236c234fc665707e999dc8d95f11ff7d8a2aa666a1c8e1444c,0x3e897ff1aec9a7b13538f628495fbd90fb0669ff,0xa0b86991c6218b36c1d19d4a2e9eb0ce3606eb48,USDC,1650142,Avalanche
16656639,15:11.0,1676736911,0x1b5e8b5e0ff2de2da659ef3093373d89cee52e9cfef7be72a192ef5bdf35cdf1,0xe98cff0706a985a11ed0cb2ed8f707953d89490d,0xa0b86991c6218b36c1d19d4a2e9eb0ce3606eb48,USDC,169236705,Arbitrum
16426154,15:11.0,1673954111,0x993198e21bd95f2421252255cdd164d4d5c4b05655a54b959eaecbc509861720,0xa53e96aab610264891f7132aac720f0530473757,0xa0b86991c6218b36c1d19d4a2e9eb0ce3606eb48,USDC,77915594,kujira
16098396,44:11.0,1669999451,0x592607756acd70d37bdc1c1a021e2d9ff4a8b2d40964d0ccb0d8f603aa0339a8,0xb9f3b3809b730d436896e76aeb9c363c9de7954d,0xa0b86991c6218b36c1d19d4a2e9eb0ce3606eb48,USDC,1273314,Polygon
16677368,07:23.0,1676988443,0xcdfa36d720a371312d6e4d2c338b48f978bb62f65e5bbb52b20ff42322ef5158,0x884c5870fb74345677d1d1301b8f6fafc48ba399,0xa0b86991c6218b36c1d19d4a2e9eb0ce3606eb48,USDC,634772764,Avalanche
16546617,58:35.0,1675407515,0x3fc4907f186f15d8bbddbb922e73cfe3b2059588e80799876318aefe74e3eb5f,0xe5567f4f90b2bf45a859d0bc6377c564962a2d46,0xa0b86991c6218b36c1d19d4a2e9eb0ce3606eb48,USDC,1599000000,binance
16568399,57:47.0,1675670267,0x941b15c73ad4597452156e41f084b4e08672a01763a317e3179d71f2d9e475eb,0x49e826c0e928d930c48a8e33ec2580f03155cd71,0xa0b86991c6218b36c1d19d4a2e9eb0ce3606eb48,USDC,199989861,Avalanche
16707762,48:23.0,1677358103,0x8132da571a4b23350121be532c016932b7ec6053de37184dbfaf3731726a6a4d,0xb6683ad5656241b200421a0aca57c6e5c1a2b3ff,0xa0b86991c6218b36c1d19d4a2e9eb0ce3606eb48,USDC,124794928,Moonbeam
16547748,46:47.0,1675421207,0xfbaa70be3aad65b5f2fd65250ecf7b4e72ba142d6dba8612504ea06fe60e4b38,0x1f8a579a3e16cfe04197b6fdbd3be2af82631645,0xa0b86991c6218b36c1d19d4a2e9eb0ce3606eb48,USDC,130855166,Avalanche
16586087,20:23.0,1675884023,0xaf0c5af419b4c4e50586936e0acb682045cde31354aa20bfea66228a25663af0,0xb6559ad8ac49e47f79677b7a00b55e6727297fcd,0xa0b86991c6218b36c1d19d4a2e9eb0ce3606eb48,USDC,16413657,Fantom
16024928,23:11.0,1669112591,0x60fa3f62c7257cc2fbfb0e736f22042236f0375a321c1545432df4235da24dce,0x224dfb76b12cc78fb6b4b2eef9a60db8a68a2041,0xa0b86991c6218b36c1d19d4a2e9eb0ce3606eb48,USDC,129585179,Avalanche
16722485,23:59.0,1677536639,0x1cb6822a93531e640d9cb44446a144acbe6c01d52542b3b073fc44214ca77d24,0xc85c7fb7e76f02186550eaaa7be4505726d59ed4,0xa0b86991c6218b36c1d19d4a2e9eb0ce3606eb48,USDC,300180339,binance
16552487,37:35.0,1675478255,0xfba9dcab021bccadb7a0514e2ee1510b349ba354bf44943b03cecb25ec5aa437,0xa9ec08edd196b91bc9177420137804be1d6efda0,0xa0b86991c6218b36c1d19d4a2e9eb0ce3606eb48,USDC,2974564383,Fantom
16098482,01:23.0,1670000483,0x443e2b09ebd50cc7872abb82c3c15931413ef07acc9af32d95fc3f1faf84caa0,0x61be3ab867c83c04f156492eb487b13fc9a44583,0xa0b86991c6218b36c1d19d4a2e9eb0ce3606eb48,USDC,47000000,Avalanche
16098398,44:35.0,1669999475,0x5daf6374b712f249e8c7087839db8d94b7bbf0d79313f65e88b4adc738c2312b,0xb9f3b3809b730d436896e76aeb9c363c9de7954d,0xa0b86991c6218b36c1d19d4a2e9eb0ce3606eb48,USDC,2546628,Polygon
16671640,48:35.0,1676918915,0x3b4b3cc7443d1feb63fb89754c65742f592dbfaae78286774c9d6607fd3d7066,0xb0460d5cf6f6aa6bd18490ac008e3f7d71d276a0,0xa0b86991c6218b36c1d19d4a2e9eb0ce3606eb48,USDC,507747845,binance
16698163,22:11.0,1677241331,0xf8f6529923ab7fb77dd2769631f46b32e6f8bc6fe8122b3710daad3aed5e1674,0xc440010ac7f3c592c4a348100e72b42520eb21e2,0xa0b86991c6218b36c1d19d4a2e9eb0ce3606eb48,USDC,1644516356,Fantom
16530898,10:47.0,1675217447,0xd77de328a84d312f98ee9f1616ae0ce3ef1b6799dc9c44bdbee8e201ce1fbdaf,0x7dbd0f75aa91c757ae6564d41dd59669023d57a4,0xa0b86991c6218b36c1d19d4a2e9eb0ce3606eb48,USDC,400000000,Fantom
16528693,47:23.0,1675190843,0x71735125f466f7271eecf4612a5d12132e85db3069013722f92856e0a406a473,0x8129c94d2f2b18fa4b63bd0a3b64ede4823374ae,0xa0b86991c6218b36c1d19d4a2e9eb0ce3606eb48,USDC,200000000,Polygon
16666713,12:47.0,1676859167,0xfdc89a7aa8f82367af58a08949bb302ce3a1521d07c66ca3d99519e3a0eef13c,0xebb1110cb4f95b779b2239702f39b452353295bc,0xa0b86991c6218b36c1d19d4a2e9eb0ce3606eb48,USDC,1167170232,Polygon
16656379,22:35.0,1676733755,0xf413a8b9a29170cb5897a7c8696a2b77fffcbb321800124ca1b8d90a9f509302,0xf71192613e22612c8494b2786e811be4cc95397d,0xa0b86991c6218b36c1d19d4a2e9eb0ce3606eb48,USDC,304341226,Fantom
16508259,19:47.0,1674944387,0x4c407601e8f2b67c75c1be9b2e2b6443dfdab8d5804cd967396f81dc72ad814d,0x66a254f4265ba279b282e7e44a7256e370d8b950,0xa0b86991c6218b36c1d19d4a2e9eb0ce3606eb48,USDC,2600000000,Avalanche
16693525,39:35.0,1677184775,0x6ec0fe74dd4d9bdb1878d7b52e5069116aa034ae49f8ef20a95911ebd5e4da67,0xef8ee41b5f1a62f3ae191f4004cbaeee686dfaa3,0xa0b86991c6218b36c1d19d4a2e9eb0ce3606eb48,USDC,8248070944,Moonbeam
16163797,17:11.0,1670789831,0x48eb47fdaec9ac7ac3fc71aeb3cba66e7dc4638a78e1c68ebc832778b095a423,0xad3a87a43489c44f0a8a33113b2745338ae71a9d,0xa0b86991c6218b36c1d19d4a2e9eb0ce3606eb48,USDC,126576,Moonbeam
16577909,51:11.0,1675785071,0x5f7a644e46b767cd6d060b402076ab199afb8049c4d76000f567d5ce06fff368,0x159eed89294e8d11172128997f4aad074566a596,0xa0b86991c6218b36c1d19d4a2e9eb0ce3606eb48,USDC,8122582,binance
16515074,10:47.0,1675026647,0x144db4d36e88ad595c479a793f414695d717c422c558d93b7e6985aee534bd64,0xa2b4d3f03b12cbe405827d171f5efe73fdfbfe83,0xa0b86991c6218b36c1d19d4a2e9eb0ce3606eb48,USDC,1629426,Fantom
16554905,45:11.0,1675507511,0xe4b2c12c56323d323ae5380668712b500b1753fc4d99a39ae0b5549749547449,0xc48e307d6969ade25ea283abf64f83880667882a,0xa0b86991c6218b36c1d19d4a2e9eb0ce3606eb48,USDC,1536066743,binance
16515082,12:23.0,1675026743,0xe55507636707651b2beb2ddcbed37d72483694d7cd9f7db0a982344a2d6c4346,0xa2b4d3f03b12cbe405827d171f5efe73fdfbfe83,0xa0b86991c6218b36c1d19d4a2e9eb0ce3606eb48,USDC,24441726,binance
16515071,10:11.0,1675026611,0x8f8da835e44acb05260df33843638a320264c2e053bae45139e502cf205bf9c8,0xa2b4d3f03b12cbe405827d171f5efe73fdfbfe83,0xa0b86991c6218b36c1d19d4a2e9eb0ce3606eb48,USDC,16293258,Arbitrum
16515075,10:59.0,1675026659,0x8fe26ea0bb79dac0606ba6ab5320a4d3bd74b80b1e6d171b4269dbfe743f661a,0xa2b4d3f03b12cbe405827d171f5efe73fdfbfe83,0xa0b86991c6218b36c1d19d4a2e9eb0ce3606eb48,USDC,1629426,celo
16570912,22:35.0,1675700555,0xa0dbc512c502c4751783e0e9ae347c8cdb5b8bf6c5bc593a2c137337057cc923,0xbf4a60736dd30b807e176e97ae2fd551d0764eb2,0xa0b86991c6218b36c1d19d4a2e9eb0ce3606eb48,USDC,329504407,Fantom
16672998,22:35.0,1676935355,0x40b0cd61fb51e30a961cc9c626c2ed3b2cbb3c8f03cfd82f6e80e34dfda35574,0x2ad3285442fcc4e3eb7ed39a08cf2804d0b547cb,0xa0b86991c6218b36c1d19d4a2e9eb0ce3606eb48,USDC,10156893,Moonbeam
16572762,34:11.0,1675722851,0xe2d921dd07a3458277a307a8990e49399f29ba96f03f7ef49f2eef49241eecd9,0xe56ff588483f3e5c214ef568643ce47a828a7fbc,0xa0b86991c6218b36c1d19d4a2e9eb0ce3606eb48,USDC,21193525,Moonbeam
16545777,09:23.0,1675397363,0x06ea4832ece181e4ac5f45e5f2501fc24c4b746c03b141ca21bc02a26024d4d2,0x5cef77d87c4c2b0eb17056bba8e015fc5472709f,0xa0b86991c6218b36c1d19d4a2e9eb0ce3606eb48,USDC,81690368,Moonbeam
16670131,43:59.0,1676900639,0x885e1846636a21553d60cb073df39b059c939b34f11f3191ceba2bc26d8eb33a,0x1b2d8e2bfcc8f161ff7b9a9de96dd440420815d9,0xa0b86991c6218b36c1d19d4a2e9eb0ce3606eb48,USDC,7000000000,Fantom
16707646,24:59.0,1677356699,0xabdbfc343d647480c24235f63f5d7168339f85ac3e60fead1ca3917c132cf3a5,0xe033ef6eae72287766b2ed148aa03533373c1dc3,0xa0b86991c6218b36c1d19d4a2e9eb0ce3606eb48,USDC,1088418704,Moonbeam
16609856,00:59.0,1676170859,0xe522d04b3bc012c7950ae5d352e0d066d1da3a5d207ef693c07353c808e56d6d,0xdec7778a7e416b0f4988bb1faff70ce9fad6c233,0xa0b86991c6218b36c1d19d4a2e9eb0ce3606eb48,USDC,306022915,Fantom
16161219,38:35.0,1670758715,0x2cc22f647f65aec5905c9cd9224a8f79b78931f805c2d7ad96b535338ecebeec,0xad3a87a43489c44f0a8a33113b2745338ae71a9d,0xa0b86991c6218b36c1d19d4a2e9eb0ce3606eb48,USDC,126972,Moonbeam
16544079,25:23.0,1675376723,0x696834b546d1a3697cfeb3506d163efb1b58cd1c2a2f4bfd793500b8aca1236f,0x306de5f79f5f03e2145b9e777d2dedee2107d86a,0xa0b86991c6218b36c1d19d4a2e9eb0ce3606eb48,USDC,115077129,Moonbeam
16544049,19:23.0,1675376363,0x820fc7eebde54cc9abeb3c70e1dffc1d0e6c2c88d7bb74549a2101e560f9af04,0x798c7c66bf5576b2f8d089b80f0e90b822267462,0xa0b86991c6218b36c1d19d4a2e9eb0ce3606eb48,USDC,2000000000,Fantom
16527886,05:11.0,1675181111,0x7bdb54efd6a31aedadc3d96d211407897cbed30b9d66f089d6a310e59657d67a,0xd36aac0c9676e984d72823fb662ce94d3ab5e551,0xa0b86991c6218b36c1d19d4a2e9eb0ce3606eb48,USDC,317265596,Avalanche
16594812,36:23.0,1675989383,0xb8f5e541d874e46b3ca15a255693df6a4aeb057537d78046ce272de204b0b90a,0xfe5bab72af1aea76aabc28562e584e59d2708196,0xa0b86991c6218b36c1d19d4a2e9eb0ce3606eb48,USDC,309111508,Fantom
16595226,59:11.0,1675994351,0x0ad862926e6db2ef9aae7fd5ff67f1689275900f1ff52566758c7076dd5ff821,0x7738360bdbaa033abe9e178f5b9a854e6e195adc,0xa0b86991c6218b36c1d19d4a2e9eb0ce3606eb48,USDC,284909200,Moonbeam
16639739,15:47.0,1676531747,0xe21d632de049b41113a038acda0151bcd2bb0cfb2fe8ae43deb1e62b03d6e350,0xd339d3d9b32dfaae52352a83de446834a9d4316c,0xa0b86991c6218b36c1d19d4a2e9eb0ce3606eb48,USDC,151039909,Fantom
16653802,39:47.0,1676702387,0x3a905aeaff2b05481747be1ad994b92288f59cb76f0a5a8ad97247fb6c20d765,0xbf41f3173c91cdcba6be8f2053d0b518de4aec48,0xa0b86991c6218b36c1d19d4a2e9eb0ce3606eb48,USDC,864253193,Fantom
16573136,49:11.0,1675727351,0x27bc294044ac03ad372eee602cb09e855ff23095d517919ec86f788f1ce12b76,0x3110d68e97947116db5ed7e810c6ef5b811d203f,0xa0b86991c6218b36c1d19d4a2e9eb0ce3606eb48,USDC,48225367,Moonbeam
16640377,24:35.0,1676539475,0x11747e7542e3bcaf409f88f72de138a843b30043c45ce2597de9f7a2aa8feff2,0x1b135921adf0697552ca62c4fe8b0ba83af17982,0xa0b86991c6218b36c1d19d4a2e9eb0ce3606eb48,USDC,40000000,Avalanche
16358050,00:23.0,1673132423,0x069d9dc553d92f86d46ced4c7de4ac2e6e960cb0af2fa0a59f8e207f7cbbc84d,0xae23b0cfcbeecb2b75f2a62515040c43c2f2f897,0xa0b86991c6218b36c1d19d4a2e9eb0ce3606eb48,USDC,113424998,osmosis
16667869,05:59.0,1676873159,0x2c902b62049519f3ece4cd99f75724e1c1e69012b5dcc2dbd958f57c53254d21,0x0213a402474495d09431731e80301cd93f3db26b,0xa0b86991c6218b36c1d19d4a2e9eb0ce3606eb48,USDC,168544913,Avalanche
16620754,32:23.0,1676302343,0x8df4f75f7ecb984f41e560898476cad00ad366f0051fe0fc2c731720e4981595,0x2e727a110b0256e26e1311b557d53ff47a53f573,0xa0b86991c6218b36c1d19d4a2e9eb0ce3606eb48,USDC,178665148,Fantom
16723066,21:11.0,1677543671,0xd34f9530c74948076d896520d88b35730d2da7575e2a3d64cca326c23d76b0ea,0x83e52aaf8889c997afd2480e1d6645acf44aa98c,0xa0b86991c6218b36c1d19d4a2e9eb0ce3606eb48,USDC,89148414,Moonbeam
16543017,51:35.0,1675363895,0x543bbf6e354f49a1a6097696e83c15763582a496eeba9e0844db48543d7c6edf,0xf73bd5710d3e3d4e8db7ec6058f9fb77ff8414e9,0xa0b86991c6218b36c1d19d4a2e9eb0ce3606eb48,USDC,3055335951,Fantom
16598237,04:11.0,1676030651,0x03d104bb17af6c02542d94c28cd8c407ece73ef37488ee82367e29fa208bd73e,0x1d20d526b211ac720a7d4d65282422b057ed1bf2,0xa0b86991c6218b36c1d19d4a2e9eb0ce3606eb48,USDC,199343861,Fantom
16543114,10:59.0,1675365059,0xb4fb7904bb6f660a2461013ece7b3f142d4160a9b04076698f37ce9a57444ea4,0xa2aec6252daf25a25bccbfa2f482d493a3f94760,0xa0b86991c6218b36c1d19d4a2e9eb0ce3606eb48,USDC,1207862267,Avalanche
16350427,27:59.0,1673040479,0x8741383c35806c600f8cc7f396554f381a466afe4566575104d7fbeaa0ea4011,0x6d0f4c545363cfbe4e326075a6dab556d0c66dd8,0xa0b86991c6218b36c1d19d4a2e9eb0ce3606eb48,USDC,1000000000,Polygon
16635554,12:35.0,1676481155,0x8c6552987380a40106bf5e64f6675656a95c4717bab3832c642a6d68a3d1c268,0x9a6687e110186abedf287085da1f9bdd4d90d858,0xa0b86991c6218b36c1d19d4a2e9eb0ce3606eb48,USDC,138767819,Polygon
16730413,09:23.0,1677632963,0x81a4c9b664941ad68e104cc885dd206c15b713af32ebf9e21892733ffb6302c1,0x1bad88b7e164025989b149f56f4c99274b7f34e1,0xa0b86991c6218b36c1d19d4a2e9eb0ce3606eb48,USDC,71864963,Avalanche
16095698,42:23.0,1669966943,0xf74068e736095b2c6e5515bdc7f48750055ac4a746b2892b2d78c0c927c3efdf,0xa48ede22744a055bfa5ea4be441742299c684efb,0xa0b86991c6218b36c1d19d4a2e9eb0ce3606eb48,USDC,1270204,Polygon
16664908,07:47.0,1676837267,0x80227053261e0c308161d8dd859f3013fc00a677fcc3445013be10a2f5f43e69,0xbbe27f9b417d3a3092ef04ea3453da2154a5a35d,0xa0b86991c6218b36c1d19d4a2e9eb0ce3606eb48,USDC,58503646,Moonbeam
16711246,33:23.0,1677400403,0xdd22e359b3ce0b45247d7de9e868e468cbe2b17ca3aae10319ab3d109997f561,0x630e56e37395c53bee8a9fa1e2964ccb84ff62b6,0xa0b86991c6218b36c1d19d4a2e9eb0ce3606eb48,USDC,223659956,Moonbeam
16091194,37:35.0,1669912655,0xb2adf557620c801c91f73cee8e729e446a6c4dfadea5a8abdd41479e2ec6eb20,0x61be3ab867c83c04f156492eb487b13fc9a44583,0xa0b86991c6218b36c1d19d4a2e9eb0ce3606eb48,USDC,12646725,Avalanche
16091196,37:59.0,1669912679,0x72d9236fc714057d821b3860d831440ebaeb40214f4b6f7662e918361e6ffd70,0x61be3ab867c83c04f156492eb487b13fc9a44583,0xa0b86991c6218b36c1d19d4a2e9eb0ce3606eb48,USDC,12648545,Polygon
16665079,42:35.0,1676839355,0x20450ea5dc5b7e59176afea6b8655af7217e88c13182f55192bddd3221972a74,0x638a8d6d66eae8f68ee75ace98fe2a44312ce471,0xa0b86991c6218b36c1d19d4a2e9eb0ce3606eb48,USDC,1997623183,Fantom
16627411,53:47.0,1676382827,0xbaa7082c75ed34e245d3fb5d5c45ee049cd5b5b50e27320d670c0f28e6e89d3a,0x9ebcf36e2478139f00dd37446606f4a3b6c9bd83,0xa0b86991c6218b36c1d19d4a2e9eb0ce3606eb48,USDC,57493449,Fantom
16612536,59:11.0,1676203151,0xf8703916161764431c23c9114df8c280c4d417d19b8da6d7e7db1c87d7f1922a,0x4296f293528edd013f8ae8b3fc5448524e898010,0xa0b86991c6218b36c1d19d4a2e9eb0ce3606eb48,USDC,15328851,Avalanche
16575270,59:35.0,1675753175,0x2a78439d2b0e373f56f7da19915b8a53b0610eee3aecb15fde15c4727c6d3a02,0x13ad046c9e2cfc7080b39baad17104240145e22d,0xa0b86991c6218b36c1d19d4a2e9eb0ce3606eb48,USDC,699508944,Moonbeam
16728119,23:59.0,1677605039,0x1a729d8bbcafb04eecd041549970d7a13a94b476f09fa446e381f471ba0fc959,0xbecc21f3ff8d379aa86e853e9fd8d49569dcb316,0xa0b86991c6218b36c1d19d4a2e9eb0ce3606eb48,USDC,327493328,Fantom
16720869,58:23.0,1677517103,0xe18ac4d35a11d1d02457d9ec76dbcd5429057d52b2d482e13deeca1d74d2edfd,0xf357f22df653b5e0c0d8bccf2a3ffa4cef0a0fb5,0xa0b86991c6218b36c1d19d4a2e9eb0ce3606eb48,USDC,179626032,Moonbeam
16487330,12:11.0,1674691931,0xd836aa700457e9297da617d73ade3918b21dfa1f62e2ae997300b41a585b36bd,0x3de3a257f0e50af9bf48aea633e06085695d9c1b,0xa0b86991c6218b36c1d19d4a2e9eb0ce3606eb48,USDC,100000000,Arbitrum
16715094,31:11.0,1677447071,0x96f413824ddadd0071ee363e9a5c2920eac7ba6ea3d8f12907eb6983be5567ac,0x2ef104aaf27da696054114588fc3e809092c15c9,0xa0b86991c6218b36c1d19d4a2e9eb0ce3606eb48,USDC,163566476,Polygon
16572132,27:59.0,1675715279,0x0d3e0be3c82fe0c2510b3b1cce0066d2811253c8f5c0e2438d0272b28a9da8b7,0xb0a5a25537c03450c677ac70ca7fa8ee42eadf9c,0xa0b86991c6218b36c1d19d4a2e9eb0ce3606eb48,USDC,332880270,Fantom
16488375,42:47.0,1674704567,0xbbf470004ccdfabbb8c51eb1e97a5253202e98fd747b11be1ab77077b837ce2b,0x8af962c13411f10214d5b50e4beacec42f37c537,0xa0b86991c6218b36c1d19d4a2e9eb0ce3606eb48,USDC,11274149,Polygon
16559943,37:47.0,1675568267,0x4f859b017104f386ca4b268eaf26b67483cdc5690c101acc9cc89b7463bcc0f4,0x18528de7a2b94e13a6e2f2c4fe5da6a86e331f10,0xa0b86991c6218b36c1d19d4a2e9eb0ce3606eb48,USDC,65099266,Fantom
16098400,44:59.0,1669999499,0xa39f3760b26b497399e322392891acc86f458b19e407e55e29601b95c23bd6d0,0xb9f3b3809b730d436896e76aeb9c363c9de7954d,0xa0b86991c6218b36c1d19d4a2e9eb0ce3606eb48,USDC,3819941,Polygon
16156352,19:47.0,1670699987,0xe6b3c55cb696c3775c5e6426f2f9becfc5f97a08c3f2e45479275ab160edc519,0xb9f3b3809b730d436896e76aeb9c363c9de7954d,0xa0b86991c6218b36c1d19d4a2e9eb0ce3606eb48,USDC,200000000,Avalanche
16645227,39:35.0,1676597975,0xe2f1e718ac934fb62b34ad6ad4a4111ef551405f05f533b240dec4a9fe98dbeb,0xa01de7cf8794317b6caf5f719e87151ae7296f31,0xa0b86991c6218b36c1d19d4a2e9eb0ce3606eb48,USDC,54000000,Polygon
16546062,06:59.0,1675400819,0xcba1c7370542a61d8652ad916cfe1d94a295691d6335ac81247567e431b4ac07,0xf114fd871c18bea315f639266bb43009ec82685b,0xa0b86991c6218b36c1d19d4a2e9eb0ce3606eb48,USDC,278706795,Fantom
16573167,55:35.0,1675727735,0x9e6d31652871589bff8a33adea5516cc009cf9b7850ec9369dbfb3e32415b85e,0xcc89ad1ecc174234b92df36c24a8cc9e41964a2c,0xa0b86991c6218b36c1d19d4a2e9eb0ce3606eb48,USDC,6000000000,Fantom
16576538,14:35.0,1675768475,0x8147db703f33aae29b6d9901ee1264eb60c36bcd10101550e1c94b2d4698b1a4,0xcac5d9ec254a61eaf7218cada297d6ace0a75761,0xa0b86991c6218b36c1d19d4a2e9eb0ce3606eb48,USDC,101595993,Fantom
16735975,54:35.0,1677700475,0xf9dfc16e03fcdbe7162dd7a73352dfb92cf2517b9cdbf4dc2c159d5046c9139d,0x9761e03480732e5c3de4cf8da07399f81566d541,0xa0b86991c6218b36c1d19d4a2e9eb0ce3606eb48,USDC,1633128,Moonbeam
16598141,44:59.0,1676029499,0xf335a61c66e4460588633a102d557dad6f1eafe90ad9d129a640db09d800d95b,0xe6ed4162b3db20508ee124371db1f0b6f1ab33b2,0xa0b86991c6218b36c1d19d4a2e9eb0ce3606eb48,USDC,5000947,binance
16696863,56:47.0,1677225407,0x8056b295969c0bef04ab9be56b09c0f0c3ceaad9bc1659276989afe978425d63,0xbaeeb113dc6fc6a67b5a0bcb8154c6b71081d3b9,0xa0b86991c6218b36c1d19d4a2e9eb0ce3606eb48,USDC,8000371618,Moonbeam
16636443,12:35.0,1676491955,0x3b9075539f31e7a7058d272ebc3ecc25d25198ef521da010b47951a93e6f5496,0xb3f6872e6ffea3f8da7a5d5eb52ed2a5e15d60aa,0xa0b86991c6218b36c1d19d4a2e9eb0ce3606eb48,USDC,498655152,binance
16636183,19:35.0,1676488775,0x37f8efe09334b059f9b7c72b54145cd448472fb1c40495149dbfba639a0bee6b,0xf7434638a7d52e44859a55fcf7c13dc9ddc4b140,0xa0b86991c6218b36c1d19d4a2e9eb0ce3606eb48,USDC,1604447806,Moonbeam
16661663,12:23.0,1676797943,0x940ab26df531aeace98a0a6914414eed135bcfddaf56ce78477450c71e89d7b0,0xde09e48ec3e1ef54861b824cd3a2067111b601a7,0xa0b86991c6218b36c1d19d4a2e9eb0ce3606eb48,USDC,8441215198,Moonbeam
16661661,11:59.0,1676797919,0x5ad71318372a27df230b3831939a60d3e389fb17ad4ceb2802ce206f40f5c74c,0xde09e48ec3e1ef54861b824cd3a2067111b601a7,0xa0b86991c6218b36c1d19d4a2e9eb0ce3606eb48,USDC,8446761192,Moonbeam
16482129,45:11.0,1674629111,0x29e6f5cf12df5f6f19edecfc231c2284ded8aa23bf596c24fad7b42490d56401,0x8af962c13411f10214d5b50e4beacec42f37c537,0xa0b86991c6218b36c1d19d4a2e9eb0ce3606eb48,USDC,1547622,Arbitrum
16553683,38:23.0,1675492703,0x836a34efa673d9ee1df6fe69d881ded9eeea280f6ade3562c864ec24bf7d025e,0x7f07f7eb4e510e20e50fb75b0dc890db7d49334c,0xa0b86991c6218b36c1d19d4a2e9eb0ce3606eb48,USDC,397861700,Fantom
16546621,59:23.0,1675407563,0x9a3b371ca63a59345b839994624a7ef0385695415db4664b7b6ece75c3ba3332,0xe5567f4f90b2bf45a859d0bc6377c564962a2d46,0xa0b86991c6218b36c1d19d4a2e9eb0ce3606eb48,USDC,2400000000,binance
16632491,55:11.0,1676444111,0x95059b077bb173f25727bec70742751270a3171013fc40e612a701be186a697a,0x52e0b02a98de6829d4dd542656a9c92c0c82d944,0xa0b86991c6218b36c1d19d4a2e9eb0ce3606eb48,USDC,2024639125,Fantom
16453386,29:11.0,1674282551,0x0c6fa3893b2b4fb658da18fdba14b157c0cb6fb8702721a6163d72ba96801291,0x464a64328926c86d7e7b4d154274888b7726f102,0xa0b86991c6218b36c1d19d4a2e9eb0ce3606eb48,USDC,1000000000,Polygon
16632288,14:35.0,1676441675,0xe5356fb778f679502614367eed63ad8028c0ca0549a8bf3dbd0080457557ba69,0xa337e0ffe35896c3acb4f21cd4469f4b647b8875,0xa0b86991c6218b36c1d19d4a2e9eb0ce3606eb48,USDC,5001774023,Fantom
15983854,43:59.0,1668617039,0x09f6106db0dc8b387ad11c5cd87bee8590341c64b38dc80952742cea07961a5f,0x661f947aad0916cf177e764c6fda2d4902f993f1,0xa0b86991c6218b36c1d19d4a2e9eb0ce3606eb48,USDC,12033920,Avalanche
16703543,31:35.0,1677306695,0xc4884471a9193d9db3270c7861f1bd5f173d535fb392fa08aec3ca6672efe391,0x533be0e909309adc0bc9fbc95692fa5bc42eb8d6,0xa0b86991c6218b36c1d19d4a2e9eb0ce3606eb48,USDC,4401752629,Moonbeam
16572603,02:23.0,1675720943,0x30b5edbeac583fb57baf11355a275b544ca3434b6bcae1d65631e8f9107c7cb7,0xe56ff588483f3e5c214ef568643ce47a828a7fbc,0xa0b86991c6218b36c1d19d4a2e9eb0ce3606eb48,USDC,5388477341,Moonbeam
16628821,37:23.0,1676399843,0x2990feaa721d70c94116d1ecf54af0fcc02c4c7f2283d753829c99ce667cada2,0x3b387127ba5de65b56a0864e8c65e2f2fd45c7ab,0xa0b86991c6218b36c1d19d4a2e9eb0ce3606eb48,USDC,200000000,Fantom
16706417,15:59.0,1677341759,0x162f631e93947c04339a71a2c6f2d225f4dc8918944bfdcda88593dc1ba3b957,0x68492dd17270021073c19ce64eb30f9a006e64b3,0xa0b86991c6218b36c1d19d4a2e9eb0ce3606eb48,USDC,509271588,Moonbeam
16707972,30:35.0,1677360635,0x01afc1790d5610a1b8a1f225682abae98a14c56a48f85451ec2037a44fd6e93f,0x06ab7b6155f5fe588d02aa18fcf8d6fa11e71b2b,0xa0b86991c6218b36c1d19d4a2e9eb0ce3606eb48,USDC,2396366687,Moonbeam
16708243,25:11.0,1677363911,0xa4a5f9fe62b32ef4bc49abe4c38830f39be32ad540bee1190aacabaeefe9472a,0x06ab7b6155f5fe588d02aa18fcf8d6fa11e71b2b,0xa0b86991c6218b36c1d19d4a2e9eb0ce3606eb48,USDC,315252464,Moonbeam
16649886,24:11.0,1676654651,0x1f85417cb60ef70a20765b9fd931a9764783176af65d797274fb18e0aea2cd4e,0x2a56bd325f797a4d911e5bcada3ea2081a1322f7,0xa0b86991c6218b36c1d19d4a2e9eb0ce3606eb48,USDC,6480075452,Fantom
16628833,39:47.0,1676399987,0x0a3f20286ccc1017b43c20e3f2addc31157d479abeee1368932329a15cae7b47,0x3b387127ba5de65b56a0864e8c65e2f2fd45c7ab,0xa0b86991c6218b36c1d19d4a2e9eb0ce3606eb48,USDC,8000000000,Fantom
16649960,39:11.0,1676655551,0xd44f7f40e15934dd13d1fb26a6367e875e88ec65cb20f86b8408aaf7c28ac9e6,0x75e092389faf6f9badb34030a81875f507dc5253,0xa0b86991c6218b36c1d19d4a2e9eb0ce3606eb48,USDC,67720602,Fantom
16123175,50:35.0,1670298635,0x4239d4181f75de325e4f5f92d3e35c031d922e28a4c1196dc56c35c08541c3f0,0xb13cd07b22bc5a69f8500a1cb3a1b65618d50b22,0xa0b86991c6218b36c1d19d4a2e9eb0ce3606eb48,USDC,60000000,Avalanche
16710324,27:11.0,1677389231,0xf0da3b1a135b3f0bb16da69dc0d5305e26e0031f06567d667708c388d3756bba,0x26d388894b2079bbe62d673d9d5a08499e6fff09,0xa0b86991c6218b36c1d19d4a2e9eb0ce3606eb48,USDC,1596081203,Moonbeam
16706509,34:35.0,1677342875,0x220d74371e8f168b5af0856f93e12c8b4a49969a59ea8bcb4691be160768dc09,0x8df24569a74e094bf75e17d1f0c238d39b5e17b5,0xa0b86991c6218b36c1d19d4a2e9eb0ce3606eb48,USDC,159234537,Moonbeam
16636978,59:59.0,1676498399,0x223ccac951ce921ce265437819bf4e5abd4981f7d443978146067740ec95792d,0x89f39f7bc269a6972948ffa32ce1537ea68a8d4e,0xa0b86991c6218b36c1d19d4a2e9eb0ce3606eb48,USDC,3100000000,Moonbeam
16536601,18:23.0,1675286303,0xe2500dd9c72538cf1b5a166c321b4935a822442286590c68eb36b40c062b19e5,0xdcd24c3529a7028bdc1fa2ccd0b709ce8ff33a87,0xa0b86991c6218b36c1d19d4a2e9eb0ce3606eb48,USDC,654439997,Fantom
16098513,07:35.0,1670000855,0x165f9632226efbceaa44e676c84c27ec06d666353fde7c86ede8c929e2dbc370,0x61be3ab867c83c04f156492eb487b13fc9a44583,0xa0b86991c6218b36c1d19d4a2e9eb0ce3606eb48,USDC,3514918,Polygon
16072851,05:47.0,1669691147,0x7d80350287804da3419750592a1434f389d57fb1d0376d234e7f32ac809c69a2,0x3e897ff1aec9a7b13538f628495fbd90fb0669ff,0xa0b86991c6218b36c1d19d4a2e9eb0ce3606eb48,USDC,11809801,Polygon
16690554,38:35.0,1677148715,0x9cf0439681772d23563c550577cf199dd0a07867dba6f6aa961b455a452b89f1,0x04189e66ac598c90992042e6154b55e9734f0cdc,0xa0b86991c6218b36c1d19d4a2e9eb0ce3606eb48,USDC,15000000,Polygon
16684249,22:23.0,1677072143,0xd5dd70fd69b86f2ebd1f0d0c9d17233476812d7dc60025b4069cadc3d7b9ea2b,0x61be3ab867c83c04f156492eb487b13fc9a44583,0xa0b86991c6218b36c1d19d4a2e9eb0ce3606eb48,USDC,148000000,Arbitrum
16690591,45:59.0,1677149159,0xd892bc9eb31e6292f25fdf53505d5e8e53a77af0c027f4fc797bcfb9e664db30,0x399077125e2a12689092a87513bd062075f0ecf6,0xa0b86991c6218b36c1d19d4a2e9eb0ce3606eb48,USDC,33756675,Moonbeam
16515230,41:59.0,1675028519,0xb7fc2a58a18842856f7f5d036d1c2decfafe1e7859a35a0e0faa23f3bbfe19ab,0x15549179929687067f794ed545f12b354b530c5d,0xa0b86991c6218b36c1d19d4a2e9eb0ce3606eb48,USDC,6539813,Polygon
16534670,49:59.0,1675262999,0xb7fe06680d5fda54e114a9f1fd05ec99ebd2ee7f1416c7b5d35111e1d646e242,0x9b89aac514a487564ce69bf14f2913566c927b2c,0xa0b86991c6218b36c1d19d4a2e9eb0ce3606eb48,USDC,7897201,Moonbeam
16515164,28:47.0,1675027727,0xee5f80a97f8290386b9feb3f37f4c57383a4d794521edab2a9552fec75b7c042,0xa2b4d3f03b12cbe405827d171f5efe73fdfbfe83,0xa0b86991c6218b36c1d19d4a2e9eb0ce3606eb48,USDC,9778986,Arbitrum
16684142,00:35.0,1677070835,0x42bc08a086b73dfde763f8d256b5a3d8800248ca85498c45fb6c1db0f61b6b02,0x2dd84560d45ffb5b542219619778307f78e9cac2,0xa0b86991c6218b36c1d19d4a2e9eb0ce3606eb48,USDC,82127409,Fantom
16459434,43:23.0,1674355403,0x7a5d67633cb4138fc4a6da77079b5bb52513acd2ea9f962567688ae2ed66edb5,0xad3a87a43489c44f0a8a33113b2745338ae71a9d,0xa0b86991c6218b36c1d19d4a2e9eb0ce3606eb48,USDC,16172006,Arbitrum
16098599,24:59.0,1670001899,0x012220ddadd5f7c183b319fd7e59d1e57e98f5a54ff4988fb7c0a10996f07773,0x225a5a875146089e9b628c10d9148e587f67317a,0xa0b86991c6218b36c1d19d4a2e9eb0ce3606eb48,USDC,127602675,osmosis
16652969,51:23.0,1676692283,0xf7d7f2383de94c7996cc85f4d20fd84242475652e808cc3683147d660a2959ca,0x76b957e552d6dabd05ea6c4a1caa090f1dab97aa,0xa0b86991c6218b36c1d19d4a2e9eb0ce3606eb48,USDC,13561233,Moonbeam
16602121,04:35.0,1676077475,0x59482713e3e096f75327a3276f8a129219cec2e13de7a11eab8494c7352bc050,0x649115b30b038ee87c3e8e51160696df8173a87c,0xa0b86991c6218b36c1d19d4a2e9eb0ce3606eb48,USDC,7245673725,Fantom
16533744,43:35.0,1675251815,0xf1746c30a4519e0eff47f852ae90f0c9435e0d6f766bc1e01af6fd5d38427539,0x3466acc8d2d7064367b837cf6eefac9659d3ad2a,0xa0b86991c6218b36c1d19d4a2e9eb0ce3606eb48,USDC,10000000,Moonbeam
16548428,03:23.0,1675429403,0xe65a4bd3cc5ef7f32ad5e64a31337f6eee48e4b185a4d9554344c5bd11312ffd,0x87fcfe1b0eae956b4c0a23e627d6fc9443c3b111,0xa0b86991c6218b36c1d19d4a2e9eb0ce3606eb48,USDC,1007542454,Avalanche
16575629,11:59.0,1675757519,0xd687844ac70a2a32e892e5ae1228454ae36f272460fe1b17e9101da880fc3ef4,0x335476f1f4a128c5e2218c628fa9bbe92ebb39e3,0xa0b86991c6218b36c1d19d4a2e9eb0ce3606eb48,USDC,32540515,Moonbeam
16699386,29:59.0,1677256199,0x2cb9277c315d8d95c1e104af08f5a497400aa810a68838613a8dbbe2d9bad4bc,0x638a8d6d66eae8f68ee75ace98fe2a44312ce471,0xa0b86991c6218b36c1d19d4a2e9eb0ce3606eb48,USDC,2039172793,Polygon
16709496,39:11.0,1677379151,0xaff55bc50111c0d1ae5e1c53ec839ec0fb16020a160662af716af7dba405ae5e,0xc85c7fb7e76f02186550eaaa7be4505726d59ed4,0xa0b86991c6218b36c1d19d4a2e9eb0ce3606eb48,USDC,63713176,Polygon
16200652,51:47.0,1671234707,0x35e798cb226eb2d7b25c3e7ea31616fdf1f707a26b5195b2b2a51f8d5c05f43e,0xad3a87a43489c44f0a8a33113b2745338ae71a9d,0xa0b86991c6218b36c1d19d4a2e9eb0ce3606eb48,USDC,116027,Arbitrum
16540520,28:11.0,1675333691,0x6a98e8c531b982f57578fa5c915fcad61cdb5fa4fd1efaae60ca2e8c48a016a4,0x687e6c2d22cf5768650d7af7b3d88bfac5d3d498,0xa0b86991c6218b36c1d19d4a2e9eb0ce3606eb48,USDC,166640589,Arbitrum
16494412,55:23.0,1674777323,0x7ef5897ad1c7a0de9cca4e1911de7c0de3775303ec000b5a96e90c73e95536a7,0xa2b4d3f03b12cbe405827d171f5efe73fdfbfe83,0xa0b86991c6218b36c1d19d4a2e9eb0ce3606eb48,USDC,31976718,osmosis
16581251,03:11.0,1675825391,0xccff641b44d34528891d0903871b3e87339ff6f998cface1b3f6e1d5282d75c6,0x8265d535ec91042ad2151e5a5169971f567420b7,0xa0b86991c6218b36c1d19d4a2e9eb0ce3606eb48,USDC,79477762,Avalanche
16494421,57:11.0,1674777431,0x4818339c3ce191c8b5431e28b621675f7127dccb8664be249b9d0a2e8c669586,0xa2b4d3f03b12cbe405827d171f5efe73fdfbfe83,0xa0b86991c6218b36c1d19d4a2e9eb0ce3606eb48,USDC,31974401,osmosis
16581514,56:11.0,1675828571,0xbd309bc2412a4af507b23c5fc9f6bec208d43f59c68d0488b317e980288138e9,0xe53d3f2b99fe0ed6c05977bc0547127836f0d78d,0xa0b86991c6218b36c1d19d4a2e9eb0ce3606eb48,USDC,51920745,Fantom
16709506,41:11.0,1677379271,0xd2b3518ca2699bba0687d9cd9685446a70ca30f1ac9284ec98f6723608cea738,0x52b7f48768dea601c64c0ab8c9515a1edc60e68a,0xa0b86991c6218b36c1d19d4a2e9eb0ce3606eb48,USDC,3500000000,Moonbeam
16698154,20:23.0,1677241223,0x6fc1daa2b2c90b3f98dbc2e67820a731fc5eb17c1bc36f24afe7df9636b18d9a,0xc440010ac7f3c592c4a348100e72b42520eb21e2,0xa0b86991c6218b36c1d19d4a2e9eb0ce3606eb48,USDC,9969538431,Fantom
16697949,39:11.0,1677238751,0x40b397eba6e6c8ecd0d8c6c9fc97ef48551a353281ed72de70360a04fd30cac9,0xc440010ac7f3c592c4a348100e72b42520eb21e2,0xa0b86991c6218b36c1d19d4a2e9eb0ce3606eb48,USDC,82155607,Fantom
16667089,28:59.0,1676863739,0x138d4ba376a4a23ce4088b86ed38682068ebb0dfbe42a9f6e5bc8a93c6e088be,0x8490d1949caa0bd35f42f682074b55253ab7f4c8,0xa0b86991c6218b36c1d19d4a2e9eb0ce3606eb48,USDC,42435361,Fantom
16712864,00:11.0,1677420011,0x51b2ab3d714242288994e90b649ef53d11c5b047ac4e5baa985e24059cf9b454,0x0c8bd9cd85545df9cb42f19c0ae55ec9df5b0dcc,0xa0b86991c6218b36c1d19d4a2e9eb0ce3606eb48,USDC,1000000000,Moonbeam
16700410,57:35.0,1677268655,0xc39e4cbd6d5b879ceb4bfb5b069270be6eb7668dda31dd487a37ca1b56cd4186,0x022338bbf41aa24026a5f55a1023abd436bbd9bf,0xa0b86991c6218b36c1d19d4a2e9eb0ce3606eb48,USDC,376134812,Moonbeam
16521619,05:59.0,1675105559,0x9fedac8703b2663c748640eb74bbbedbfc1f36716eebe61bd454cf09699084ee,0xd8005e8edf656f8c9ee82287390b5a1ed8614211,0xa0b86991c6218b36c1d19d4a2e9eb0ce3606eb48,USDC,31467152,Polygon
16661637,06:47.0,1676797607,0x474f4e063150edf2d908b1b02adad3c120e43adb2d1b94419aba3b849f65ba67,0x36e1089f400c61379484e0b376e407ef0eb17df7,0xa0b86991c6218b36c1d19d4a2e9eb0ce3606eb48,USDC,960020384,Fantom
16451641,37:23.0,1674261443,0xbe8b130fb3c692fdf6ef286fcd7e0e6b591eef80474de911ef0ca5af81dfd6e9,0x3de3a257f0e50af9bf48aea633e06085695d9c1b,0xa0b86991c6218b36c1d19d4a2e9eb0ce3606eb48,USDC,99323730,Arbitrum
16521613,04:47.0,1675105487,0x70e2b04d0507a1dd19af57f28349854b53ad431d2614793cb55c0012c6322d45,0xd8005e8edf656f8c9ee82287390b5a1ed8614211,0xa0b86991c6218b36c1d19d4a2e9eb0ce3606eb48,USDC,31469541,Moonbeam
16716965,49:59.0,1677469799,0x86a1a04c1493183bee708987731240a8c8051f8cd9aba10e495f0e3e7f4652a3,0x62c6e060ea69b7c6d145b73bc834ede9a1b7eed8,0xa0b86991c6218b36c1d19d4a2e9eb0ce3606eb48,USDC,45936347,Fantom
16691575,05:11.0,1677161111,0x97e08713754b02107fe84de98c605dfc7cb15f6a701fb2989a3d1cb060ca6111,0x299f6c73ac430ff54a6cce77a34eea07bc6b2ecd,0xa0b86991c6218b36c1d19d4a2e9eb0ce3606eb48,USDC,474951853,Moonbeam
16129940,32:23.0,1670380343,0x6bed00d4db1201e6c89f63eb26b3b7dac5d292396164d049f43de78e7b8836de,0xd0d0dfa293719c136a20afb8a61a129a8514559b,0xa0b86991c6218b36c1d19d4a2e9eb0ce3606eb48,USDC,12633198,Avalanche
16599418,01:47.0,1676044907,0xdaafe60b8315f965cd4dc7df202ebb41562d2d8727e991f422b7ebb4bac68e15,0x1f2414d0af8741bc822dbc2f88069c2b2907a840,0xa0b86991c6218b36c1d19d4a2e9eb0ce3606eb48,USDC,1000000000,Moonbeam
16618537,07:11.0,1676275631,0xc0f29664227eb3cb1319757c92998e25fd516bb43ce4742a8f1836fca0820d70,0x94a4bcd74fd358248d8094145a8bdc11a0a5e555,0xa0b86991c6218b36c1d19d4a2e9eb0ce3606eb48,USDC,15166096,binance
16681562,17:35.0,1677039455,0x16e2c04faf62a9b54d055b9803bb1d0a656e231b0ee79d8322dbac3b1b6a4258,0x053172febe1c416dd382041a9aab50fc7bcdea1c,0xa0b86991c6218b36c1d19d4a2e9eb0ce3606eb48,USDC,1300000000,Moonbeam
16482768,53:35.0,1674636815,0xce41f3595771992a91a496a2fae5cb9efe044d66fe6f74a71214cdc0c9c8a460,0x8af962c13411f10214d5b50e4beacec42f37c537,0xa0b86991c6218b36c1d19d4a2e9eb0ce3606eb48,USDC,31020935,Arbitrum
16600479,34:59.0,1676057699,0x9571c250233dd0c109bab00f66e5c9e0a6a31dd409bc9562fcbab7213124fd0a,0x8165c87e6f01c3c34fb9c3615f4bd3def7d72830,0xa0b86991c6218b36c1d19d4a2e9eb0ce3606eb48,USDC,764410010,Moonbeam
16681243,11:59.0,1677035519,0x26b279240c73f5841eb9e0ce11b13ad280f4cf612c653b43bd9083672da63ec0,0xa9b4823ec2718fb09bd5fc21323b2be5dd0addf6,0xa0b86991c6218b36c1d19d4a2e9eb0ce3606eb48,USDC,16415672,Avalanche
16587638,32:35.0,1675902755,0xf80102122520d9daf09bda676c486c2d0265cb677b43ab35308901302ee2d652,0xad1780222a6a0dfa16f09748b8b1113eefe6bbbc,0xa0b86991c6218b36c1d19d4a2e9eb0ce3606eb48,USDC,6953326316,Polygon
16167355,11:47.0,1670832707,0xa1bec58648c475bc85f7e8b377fcfa7744c232587b8e3a8c3757c83af8f16342,0x3e897ff1aec9a7b13538f628495fbd90fb0669ff,0xa0b86991c6218b36c1d19d4a2e9eb0ce3606eb48,USDC,1241482,Avalanche
16072991,33:59.0,1669692839,0x3e93565748940e6162e087c18f5c398d3e5746150697c3220069ef4e77db77b3,0x3e897ff1aec9a7b13538f628495fbd90fb0669ff,0xa0b86991c6218b36c1d19d4a2e9eb0ce3606eb48,USDC,59074030,Polygon
16156738,37:11.0,1670704631,0xc1f758e2c2fcad2ff0846e480396d0f6874a94d2b3ba1c38d5d368a7c027ee29,0xb9f3b3809b730d436896e76aeb9c363c9de7954d,0xa0b86991c6218b36c1d19d4a2e9eb0ce3606eb48,USDC,1000000,Polygon
16156787,47:11.0,1670705231,0x0df68b72d08dcec1d656897f14d9deef216d01acb486fd3ddd67591b28442e34,0xb9f3b3809b730d436896e76aeb9c363c9de7954d,0xa0b86991c6218b36c1d19d4a2e9eb0ce3606eb48,USDC,633684,Polygon
16557537,34:47.0,1675539287,0x0d4cf634e21e5a6fe8eb19de0e5e4214bd8ebb2a83da965ac82a5255feba6549,0x8775baa1ab4d8b951d7802d0f30a00add5e16e54,0xa0b86991c6218b36c1d19d4a2e9eb0ce3606eb48,USDC,150525102,Fantom
16647663,51:35.0,1676627495,0xb2e5db559b46ab5e0dba877a4654838a3ebeccd3d3d067ed068b6b58de115861,0x3d4316342acd2ded06507302404e9788ff5f4d02,0xa0b86991c6218b36c1d19d4a2e9eb0ce3606eb48,USDC,16623412,Avalanche
16156784,46:35.0,1670705195,0x0c4e6d08c25b956caf91aab55f29e85bae091bec7046c952ac573d81d1700969,0xb9f3b3809b730d436896e76aeb9c363c9de7954d,0xa0b86991c6218b36c1d19d4a2e9eb0ce3606eb48,USDC,633690,Moonbeam
16123463,48:23.0,1670302103,0xf6a032c8c6889760db2b19e969220aac2da44e6be463f0e8e247475e57d1cc6e,0xb13cd07b22bc5a69f8500a1cb3a1b65618d50b22,0xa0b86991c6218b36c1d19d4a2e9eb0ce3606eb48,USDC,50000000,Polygon
16611945,00:35.0,1676196035,0x5dd5b1d955f7f9bcc320fb4046ff9e4c74962463dc4b02a32b4bb816ee5f42e6,0x59db2e1df65b844573e98d396b22c802f6ca17bb,0xa0b86991c6218b36c1d19d4a2e9eb0ce3606eb48,USDC,1026965235,Moonbeam
16556517,10:11.0,1675527011,0xd8eb943a21619b2219a8964301ec490bd50dc937bc09223a7bf03189bf87d6d7,0xe41bacb215d08700317923353611dcc4755b58da,0xa0b86991c6218b36c1d19d4a2e9eb0ce3606eb48,USDC,16716876,binance
16723916,13:23.0,1677554003,0xd25406c1a3b55ff12dd96fba70df984f9e028b8f960bcf8eebba7e699d503dc9,0x1fedd58a3824554e63f4eb450ddb5dec05f27e0b,0xa0b86991c6218b36c1d19d4a2e9eb0ce3606eb48,USDC,81457661,Moonbeam
16693086,09:59.0,1677179399,0x09da59499fc49dddc7b95b1e2f0c64f8822857a6ac2e6071d3b91b9845b9528b,0x0cecb92b7a674f6e371f7339e3bfdc11418d1259,0xa0b86991c6218b36c1d19d4a2e9eb0ce3606eb48,USDC,65528743,osmosis
16522508,04:47.0,1675116287,0x6ccdc41b5e1a677e47213cca543d96644683a33acf0a5515d50d91e74812377a,0x6c189a9d09653cc3446c7bb3e0361487b0bdcb76,0xa0b86991c6218b36c1d19d4a2e9eb0ce3606eb48,USDC,15000000,Polygon
16522520,07:11.0,1675116431,0xfba621ecb55c4f7758a9dd9fc9f163be5d7424f6a86144d708faab7ea769f672,0x6c189a9d09653cc3446c7bb3e0361487b0bdcb76,0xa0b86991c6218b36c1d19d4a2e9eb0ce3606eb48,USDC,15000000,Avalanche
16657902,31:23.0,1676752283,0xac8d1ed949717e53c7bb19ae9519ede11d9da69e73e6227ac2d7ff6536b3ff3d,0x884c5870fb74345677d1d1301b8f6fafc48ba399,0xa0b86991c6218b36c1d19d4a2e9eb0ce3606eb48,USDC,269149962,Avalanche
16672459,33:47.0,1676928827,0x10c25f2d6897a6ea992bf0e3ade90faa8be934a1d3fa6b4b81c8c9027ecadebe,0x4fe5eee66cd50ce70beba201a7dbc072c0f59bd8,0xa0b86991c6218b36c1d19d4a2e9eb0ce3606eb48,USDC,664936190,Moonbeam
16721268,19:11.0,1677521951,0xc6abac0c1062af1926f9573ff0c382c9dc2f43555c97cc9517a0cd66dcd5ff74,0x6f30f46f79791c9c667664bee008f1fb70fc6043,0xa0b86991c6218b36c1d19d4a2e9eb0ce3606eb48,USDC,5949348993,Moonbeam
16721328,31:23.0,1677522683,0x2b8be2bf45b48287645a1e212e68545dc80f36728102ed74b9ae2e7bb896c0a5,0x390f4297ead1c78c040a2e04733b279f207e0549,0xa0b86991c6218b36c1d19d4a2e9eb0ce3606eb48,USDC,323608936,binance
16642913,54:35.0,1676570075,0x27fcb18b04f726a3f76787b0b2cf38b05db98486b9321b6e175afb62dd23da1f,0x59d7c970a5517b149448799386c74b4f2a61c100,0xa0b86991c6218b36c1d19d4a2e9eb0ce3606eb48,USDC,1500000000,Arbitrum
16567177,52:11.0,1675655531,0x35a28eda734b7a1cb8575246081b13ca3fd699384e2a0d9887c6fddddaf51261,0xc5af3befb128d179a7d287e14a1069222b7c69dc,0xa0b86991c6218b36c1d19d4a2e9eb0ce3606eb48,USDC,12000000,Polygon
16668109,54:35.0,1676876075,0x73efedf1f99368031d2456d0206d05d4ec9e7857223728392956fce126470a91,0x1d877c5e1452a635b3feaa47994b03c7c0976ad3,0xa0b86991c6218b36c1d19d4a2e9eb0ce3606eb48,USDC,30000000,Fantom
16703454,13:35.0,1677305615,0x81ae73447e28881c4688b0965ada5f54a323b0570a953420f6885f7381daccd7,0xfa2b2c7bd37073a60832f9d6f4a862f8a6e6bb81,0xa0b86991c6218b36c1d19d4a2e9eb0ce3606eb48,USDC,103606555,Moonbeam
16703200,21:59.0,1677302519,0x056d84b08b20c974b76426ad42a01d057f43889c4f572e42af900304c8c85bd9,0x946a000cfb2ed0f0dc7f0bde5639f7afbaa53cd0,0xa0b86991c6218b36c1d19d4a2e9eb0ce3606eb48,USDC,401343037,Moonbeam
16110854,29:35.0,1670149775,0x815562822b8993b5092fc6a30c6a8de7ab162162d17f75d93ec656c84ac77b8c,0xb13cd07b22bc5a69f8500a1cb3a1b65618d50b22,0xa0b86991c6218b36c1d19d4a2e9eb0ce3606eb48,USDC,10000000,Avalanche
16723804,50:35.0,1677552635,0x4d2e9bea2d08ff3b5b4bd779d13c475e74e01b9ece9289b10a72c7887be0b498,0xd88ade1f69f97da5f1fbc4014ab86e5cff151923,0xa0b86991c6218b36c1d19d4a2e9eb0ce3606eb48,USDC,57015507,Avalanche
16730325,51:47.0,1677631907,0xdca2789c98e3d0ffc6bd173104392d6b14cc6d42e3f36f7295d61f61619bb901,0x2e33236fd1d2363c94d15592689b29577b9c41ab,0xa0b86991c6218b36c1d19d4a2e9eb0ce3606eb48,USDC,184358742,Moonbeam
16591084,06:11.0,1675944371,0x5a292699472cc33f8961d232d22b19f88a87245041136d2010fcdcfffeaf165b,0xada1fa671651d335998c6a0de336a78f5b49ad3f,0xa0b86991c6218b36c1d19d4a2e9eb0ce3606eb48,USDC,220066617,Avalanche
16712078,20:59.0,1677410459,0x0fe8bbf75766ff57a184b24b6dde69006ed72cb4cf55fa07f94b86c799bc066f,0x6b83d4e7063d74c210c2b80257f6491cbbad99ea,0xa0b86991c6218b36c1d19d4a2e9eb0ce3606eb48,USDC,20000000,Moonbeam
16644107,54:23.0,1676584463,0x1bbd2a3a8881cddc1015310f363d7e9d2e5e871a2aced84b57eafb577038ca88,0xcbf9d5b7a235d2b5ffe310a2b97f3d592e3da911,0xa0b86991c6218b36c1d19d4a2e9eb0ce3606eb48,USDC,66950566,Moonbeam
16585144,07:11.0,1675872431,0x26f57729e0423a153833707953dcbf2acccde9f7a5f66ac82a111fb9c872c26b,0xf75d1906d9dbd0ce4d22d9b109211ffc706b8b65,0xa0b86991c6218b36c1d19d4a2e9eb0ce3606eb48,USDC,41160249,Fantom
16572145,30:35.0,1675715435,0xd133a7af981ac4e9558589c8061de0e86c644cf50440f889cf0e02e21945e83e,0x56b80ec4649ef829ad9fdd861d7b515ccc548546,0xa0b86991c6218b36c1d19d4a2e9eb0ce3606eb48,USDC,16401289,Fantom
16585305,39:23.0,1675874363,0x4fa52bf2d16a547cd33aef08c0638d0e320f5c548143984e66f65c3efc95f796,0x650dfad81e90c94116d297376be6f8e10f3f49a7,0xa0b86991c6218b36c1d19d4a2e9eb0ce3606eb48,USDC,100003480,Moonbeam
16644124,57:59.0,1676584679,0xad1c39d16e2c4edd3266745b5c63c169881201600187a3d69a426899bacf4fc1,0x9b6af078f0ee5dcf827d1f2bb5fef8fdad90c5af,0xa0b86991c6218b36c1d19d4a2e9eb0ce3606eb48,USDC,5000000000,Avalanche
16715277,08:23.0,1677449303,0x0642489af36fcb52adc9b904f363c6dcc27b1b2a1068c0113e9e986206d4abd9,0xb6e92adcd98c9a4b9ae019ec681ba09a2fcf8e1d,0xa0b86991c6218b36c1d19d4a2e9eb0ce3606eb48,USDC,219451740,Moonbeam
16083662,21:59.0,1669821719,0x24a8b318120ee2a7700e350c1b53832580a5291968f8e6f65de73c87ca98658f,0xb9f3b3809b730d436896e76aeb9c363c9de7954d,0xa0b86991c6218b36c1d19d4a2e9eb0ce3606eb48,USDC,400000000,Avalanche
16642526,37:11.0,1676565431,0x3fefe866d4bd6f3261bd4c220c4d2fb579b89107bc8690d7ac28dda6b97f7d48,0x08583e2fdc495e91b41ff6a741409382efc3c9b8,0xa0b86991c6218b36c1d19d4a2e9eb0ce3606eb48,USDC,34332088,Fantom
16626198,49:11.0,1676368151,0x68f18b7acb2a23894f577253e38c6cefee0569f4cff381ec9ddb881e848a467f,0xb3f6872e6ffea3f8da7a5d5eb52ed2a5e15d60aa,0xa0b86991c6218b36c1d19d4a2e9eb0ce3606eb48,USDC,113926100,Fantom
16614597,53:35.0,1676228015,0x891fda2824d80b0e121d0a4e3786c6b762dc462a57384808b8de6238023ba73f,0xb4f609125101bd971bc40723c31e60393ef96cdb,0xa0b86991c6218b36c1d19d4a2e9eb0ce3606eb48,USDC,3005743453,Fantom
16474658,43:47.0,1674539027,0x532c5e260bbec8b61f562d6be7cc805ba437e9499c4f0ee5fa943ac5daa39b8b,0x7dbd0f75aa91c757ae6564d41dd59669023d57a4,0xa0b86991c6218b36c1d19d4a2e9eb0ce3606eb48,USDC,163,Avalanche
16561474,44:59.0,1675586699,0x46af09dce35ad80ee45448a190434a57314aa36648df4737bbf07db099ea1213,0x9c6d50a8b8b5e7ad864b38148e05ed2a807deeab,0xa0b86991c6218b36c1d19d4a2e9eb0ce3606eb48,USDC,3766000000,Avalanche
16561624,14:59.0,1675588499,0xc443bf60c7d4f651b98bc8d231f6b778ce5fcafa3558e4f8c19abc95639b0b9f,0xc0cf5266ff773e245d6e37d87d228726b21506b9,0xa0b86991c6218b36c1d19d4a2e9eb0ce3606eb48,USDC,1665107,Moonbeam
16458913,58:59.0,1674349139,0xcd1f39ad5e4fe9472f1bddc22c8d80814be9c3a4e4feab212eaecf1fc1ef7de5,0x3e897ff1aec9a7b13538f628495fbd90fb0669ff,0xa0b86991c6218b36c1d19d4a2e9eb0ce3606eb48,USDC,69945238,Avalanche
16543513,31:35.0,1675369895,0xc4ed5c3bb8489b9f04b51e77d39d2ade7834f18098beb9ebdfd54bdb881f022a,0xe3795a4ea4849b9a633a7cc0fc4431c11cd4cefe,0xa0b86991c6218b36c1d19d4a2e9eb0ce3606eb48,USDC,1335807712,Fantom
16520308,42:23.0,1675089743,0x8d29db9c1861acf2fa8fed5546b7f9d5561c58f8bebb0f000ee7e1a0f94f37a8,0xa57adce1d2fe72949e4308867d894cd7e7de0ef2,0xa0b86991c6218b36c1d19d4a2e9eb0ce3606eb48,USDC,2000000,Avalanche
16631983,13:23.0,1676438003,0x4ea9fca104377a7fe26e5176a352d537f4cc073d1821a61738eb4aebbae942d5,0x98b69d0b81fb1966ebe0af76789425706e5afe7b,0xa0b86991c6218b36c1d19d4a2e9eb0ce3606eb48,USDC,325013486,Polygon
16543376,04:11.0,1675368251,0x0911b39faaf4662fbe172e3d39ee3ca40b86da32cf54dc5e54126ab73558ac29,0xccb8af0b22b1e9cf4846033c921f1c5c5755e881,0xa0b86991c6218b36c1d19d4a2e9eb0ce3606eb48,USDC,500000000,Fantom
16543431,15:11.0,1675368911,0xd7005f8076344fe766db481650d29e431bfc3f74e78513b6c78ba02de1dec173,0xe7693f64624ef8a1b168e865ff4c91190988e6ef,0xa0b86991c6218b36c1d19d4a2e9eb0ce3606eb48,USDC,934176371,Moonbeam
16471064,41:35.0,1674495695,0x161f9674bac8b7bc48c8bd1c691cafcedfb1f87d31edcf70d5c038119edc3431,0xad3a87a43489c44f0a8a33113b2745338ae71a9d,0xa0b86991c6218b36c1d19d4a2e9eb0ce3606eb48,USDC,16130,Arbitrum
16709770,35:47.0,1677382547,0x583a2c64ce30f63f2d3ad573bc01dcae786ad5b348d84e755064c63a0f549dab,0xc85c7fb7e76f02186550eaaa7be4505726d59ed4,0xa0b86991c6218b36c1d19d4a2e9eb0ce3606eb48,USDC,95812468,Moonbeam
16568658,49:59.0,1675673399,0x0f2044eaab156846cb2c94a58e1e40c6749fca21a72cc2cf3d11e0d2f14cdeb9,0xfcb9513bbd80c127a2b0138eede592211b8a0e9c,0xa0b86991c6218b36c1d19d4a2e9eb0ce3606eb48,USDC,203584754,Polygon
16578698,29:59.0,1675794599,0x156c4e4bb0e43089af96e47905eaea602d8a5ffd464da86111d430624fd6f4f1,0x45b537941286787e6b526419afb4c858136c1eeb,0xa0b86991c6218b36c1d19d4a2e9eb0ce3606eb48,USDC,6664716868,Fantom
16702844,10:23.0,1677298223,0xb39e30b34f876584d8a59ea3c4a0349beb8ec00e98198378d0723fab3bcd3131,0x013eb38a05c197d606b3c02fc8da34b4d7383bfa,0xa0b86991c6218b36c1d19d4a2e9eb0ce3606eb48,USDC,478592654,Fantom
16387004,00:59.0,1673481659,0x421e29467dcd784455738bae9dc22e46149d0b7d58d1dd7280d932e33ebc2960,0xa6d92cd20e2a23ab0537247c815c2ed99e4430ac,0xa0b86991c6218b36c1d19d4a2e9eb0ce3606eb48,USDC,1062889376,Avalanche
16575736,33:23.0,1675758803,0xb283e81879ca8ee41952f615f8fdd131ba32e8b2ea0902b9131fc7bc726e3fcd,0x335476f1f4a128c5e2218c628fa9bbe92ebb39e3,0xa0b86991c6218b36c1d19d4a2e9eb0ce3606eb48,USDC,715723271,Moonbeam
16065291,47:35.0,1669600055,0xa9b0d641534854e04a38457344a58182a08b8a5d44c693e83f90add6febedaa0,0xb13cd07b22bc5a69f8500a1cb3a1b65618d50b22,0xa0b86991c6218b36c1d19d4a2e9eb0ce3606eb48,USDC,30000000,Avalanche
16717454,28:59.0,1677475739,0xb70572e4708bed65f798f5f55c11d771c946088fab2e60ef0d7cd4aff3ff76bf,0x8f97f52b0040476f8b255750cdcaf1082f85b5c2,0xa0b86991c6218b36c1d19d4a2e9eb0ce3606eb48,USDC,520000000,Moonbeam
16071220,37:47.0,1669671467,0x8ecd9a81bbf973969dd188c0ac0386d801d93fcfc51f020b152c42a8a64268b1,0x3e897ff1aec9a7b13538f628495fbd90fb0669ff,0xa0b86991c6218b36c1d19d4a2e9eb0ce3606eb48,USDC,58421034,Avalanche
16661357,09:23.0,1676794163,0x817fecce2b9eba384066ad1180fc2c31d415f2547f5f8c65479ba39bd58ae64c,0xf71192613e22612c8494b2786e811be4cc95397d,0xa0b86991c6218b36c1d19d4a2e9eb0ce3606eb48,USDC,488869331,Fantom
16647769,13:11.0,1676628791,0xff0311ed7c03817de94c586aaa46a73178ccae095d622ddb3e3f515c27225a3f,0x62c6e060ea69b7c6d145b73bc834ede9a1b7eed8,0xa0b86991c6218b36c1d19d4a2e9eb0ce3606eb48,USDC,166153864,Fantom
16701685,17:23.0,1677284243,0x6d1bd83b27873a26ea7079ab902b39a816bba69fca76e30bd81c81c27b30001e,0xb6cc0677384b93111138358668527652b818f653,0xa0b86991c6218b36c1d19d4a2e9eb0ce3606eb48,USDC,16035849,Moonbeam
16701531,46:35.0,1677282395,0x9b9016fc59992efc4fccf5a386003ba1d5315b33696dd16b22cba829a8284ad5,0x3b720bb382dbd4bf0cfc6fbee11fd87f52491032,0xa0b86991c6218b36c1d19d4a2e9eb0ce3606eb48,USDC,16019824,Moonbeam
16700263,27:59.0,1677266879,0xe3241cb3d2bcbe276506112e3a31ea350181af301f37fbf9cb7e9d8d1b8cf70b,0x022338bbf41aa24026a5f55a1023abd436bbd9bf,0xa0b86991c6218b36c1d19d4a2e9eb0ce3606eb48,USDC,429816011,Avalanche
16701418,23:23.0,1677281003,0xef06f96aeff206aeda5db87e4bf7db6051c54277640de994db0662ce9e943a2c,0x3b720bb382dbd4bf0cfc6fbee11fd87f52491032,0xa0b86991c6218b36c1d19d4a2e9eb0ce3606eb48,USDC,1600610530,Moonbeam
16535443,25:47.0,1675272347,0x673a0e1a2b87dfcd121da9688416db2d782da24079ac2146fec4e036800bf494,0x765e406eb1bb0909f4eae2fe5b52c21c9e61b498,0xa0b86991c6218b36c1d19d4a2e9eb0ce3606eb48,USDC,47606399,Polygon
16560030,55:11.0,1675569311,0x31a392e6e16e152605df179f7c4ff002f9597d11a3ae9c41e3e941094b4fa1d7,0x57ef2b98306d2c98f2fcebbdd05090c75982af72,0xa0b86991c6218b36c1d19d4a2e9eb0ce3606eb48,USDC,7400000000,Polygon
16701366,12:59.0,1677280379,0x84aa4492314412f32c75363108e546086676cf6388da192a09d9636f8b6a56e5,0x053172febe1c416dd382041a9aab50fc7bcdea1c,0xa0b86991c6218b36c1d19d4a2e9eb0ce3606eb48,USDC,5000000000,Moonbeam
16702078,36:35.0,1677288995,0x798b75381f1bbf328e0566b419a47f39c231547a9949726e8f7982654c43790a,0x776127ddcec1b9d5b5fe37370b32749a21253f73,0xa0b86991c6218b36c1d19d4a2e9eb0ce3606eb48,USDC,112030664,Fantom
16701488,37:35.0,1677281855,0xdb45a019121aab522f4dd2cf92911920eaba18847ef3acec64f8c9d8f361c1bb,0x1abac8d4ee566c40541da862d4680a698e725126,0xa0b86991c6218b36c1d19d4a2e9eb0ce3606eb48,USDC,560721092,binance
16702010,22:59.0,1677288179,0x296cb1397b7c87f79625f9ca36bee0a94ea1f7d017c3759c9840c91945eff14d,0xbfa2a47b273c3228e89f05736a1ea2ed5764da70,0xa0b86991c6218b36c1d19d4a2e9eb0ce3606eb48,USDC,118744078,Avalanche
16559924,33:59.0,1675568039,0x09674f893c459d4c90e647c0472f290f8b89945e92fe0d8a02e060d8b273fb04,0x57ef2b98306d2c98f2fcebbdd05090c75982af72,0xa0b86991c6218b36c1d19d4a2e9eb0ce3606eb48,USDC,7400000000,Polygon
16564464,46:35.0,1675622795,0xb5ed154220ce03b0564fa6841479c6709b4bf768dd260343c7599b30869945bc,0x2c2bb4a0c25f2da74a913a87b66778fe1f6a7668,0xa0b86991c6218b36c1d19d4a2e9eb0ce3606eb48,USDC,50024057,Fantom
16606699,25:47.0,1676132747,0xe3879abc0ab441a6bc2cc977cd9d1efedebe047c041e5592b04458286ac4b6d9,0xa9ec08edd196b91bc9177420137804be1d6efda0,0xa0b86991c6218b36c1d19d4a2e9eb0ce3606eb48,USDC,5495256678,Fantom
16564613,16:47.0,1675624607,0x8bf3505b197e3eaff89c92c2ff25f43df19a83101e9be9e7876e4a21a8bcfbc7,0x406948062e2d21675bb9767468d50f5d79b60f28,0xa0b86991c6218b36c1d19d4a2e9eb0ce3606eb48,USDC,1000000,Moonbeam
16537412,01:11.0,1675296071,0x37650029d7e89cfc361ec2a3026bcf6cb03e108309592a4358b1e6d2790cf303,0xd15cf01ffb9955bacebbfedcc8d3ef4d74b4cf6d,0xa0b86991c6218b36c1d19d4a2e9eb0ce3606eb48,USDC,16385625,Moonbeam
16595743,42:59.0,1676000579,0x6f773411ab75b269abef33b869d60fdf7ecbe033e5d5f1ad9ae54f1cd2d8d3c1,0xca34d5f51349eb7ad64feada1c93d3d1511bd8f1,0xa0b86991c6218b36c1d19d4a2e9eb0ce3606eb48,USDC,308735225,Moonbeam
16608013,49:35.0,1676148575,0xe9c008b2453d8fffd2f336d685e597e6d80a3da761e6b47bf53d2ef193522c08,0xd7c6ea410cbf415131e033ec0273c691941e76b8,0xa0b86991c6218b36c1d19d4a2e9eb0ce3606eb48,USDC,1790369281,Moonbeam
16581672,27:47.0,1675830467,0x9b15bec33d6648d558ad8652ec89401d29cdf4fee18593f2c851043676e49fab,0xc0d92f633ee8c8439783f5d2c06aafdb70e781b8,0xa0b86991c6218b36c1d19d4a2e9eb0ce3606eb48,USDC,167573847,Avalanche
16507527,52:47.0,1674935567,0xafdc902df83104c39bea2982c54b6edb9bb2ea06c49deb70de2eedd3aa13e7bf,0x66a254f4265ba279b282e7e44a7256e370d8b950,0xa0b86991c6218b36c1d19d4a2e9eb0ce3606eb48,USDC,2650000000,Avalanche
16538154,31:11.0,1675305071,0x44278972ded9f49ee835d16e075139bab68505c61b257e0f8d3d2395d1b2a74e,0xe9d2e0bc8c8d62048948ee9847b3606702cc1abe,0xa0b86991c6218b36c1d19d4a2e9eb0ce3606eb48,USDC,10000000000,Fantom
16640070,22:23.0,1676535743,0xe91a8a12d943ae14a964f0222ed39c075cd8ae2436445603998f1efb0a377bff,0x1b135921adf0697552ca62c4fe8b0ba83af17982,0xa0b86991c6218b36c1d19d4a2e9eb0ce3606eb48,USDC,60000000,Polygon
16538145,29:23.0,1675304963,0xdee7493e5397d310cce86e030b5c86ab9ead25e4204c0bcbb12c2a6de53a53df,0xaddd5a1d51bff4d67e67ae23fad94b6b287de78c,0xa0b86991c6218b36c1d19d4a2e9eb0ce3606eb48,USDC,1504495392,Fantom
16450816,51:35.0,1674251495,0x200b5ea4b1f5483cbe14feb44a3057cde51e046bbb5f3c75329753ce7eef7f9d,0xad3a87a43489c44f0a8a33113b2745338ae71a9d,0xa0b86991c6218b36c1d19d4a2e9eb0ce3606eb48,USDC,1636051,Avalanche
16716591,34:35.0,1677465275,0xd8f4dd85b370dd945b024477982f97dbbcedbe5ba00936b40e190234b30829a7,0x013eb38a05c197d606b3c02fc8da34b4d7383bfa,0xa0b86991c6218b36c1d19d4a2e9eb0ce3606eb48,USDC,295607045,Fantom
16538291,58:59.0,1675306739,0xa25a2ea213ff795b6e60aefaf3539dd111f2bae5c44811bbd1c1e1f370977e0a,0xd29e3cdef6e12ae88d893dcb3fb0185af8a17cac,0xa0b86991c6218b36c1d19d4a2e9eb0ce3606eb48,USDC,516890204,Fantom
16566856,47:35.0,1675651655,0xbc4d973767f7922ff6b0375007d0e53d2d50d2e4130ed893dcf6d722d31eeb5d,0x99645a9761da8586e134af9827cd06ce78e25be3,0xa0b86991c6218b36c1d19d4a2e9eb0ce3606eb48,USDC,7000000,Fantom
16581657,24:47.0,1675830287,0xd9e4a4818ec28315948b77f9bd1fe3a307feaf06bc7090c64342b7b887625184,0xf7c7ca163ddfe69218377ab7086bdfc9a50f4e1e,0xa0b86991c6218b36c1d19d4a2e9eb0ce3606eb48,USDC,167521623,Avalanche
16619624,45:23.0,1676288723,0xdd3da591e00a7d4858c48c93f40483202dd97594398bcea90b0488e892da5070,0x62c6e060ea69b7c6d145b73bc834ede9a1b7eed8,0xa0b86991c6218b36c1d19d4a2e9eb0ce3606eb48,USDC,34192871,Fantom
16596295,33:59.0,1676007239,0xf654c2a4da90757cace4ce7240205a55e77a96b68ec1eaf53177a1946ef28f26,0xebb2bc8fe139a025eef021f19641a60fcece3dc2,0xa0b86991c6218b36c1d19d4a2e9eb0ce3606eb48,USDC,122713002,Moonbeam
16622826,29:59.0,1676327399,0xf67064a0fab30125ce11162803ef0c2f2e7adf47ece015adba421ca14d879e78,0x650dfad81e90c94116d297376be6f8e10f3f49a7,0xa0b86991c6218b36c1d19d4a2e9eb0ce3606eb48,USDC,566327633,Moonbeam
16527613,10:35.0,1675177835,0x264dd834085d4022e78974ac9127c1e38faa88d772d0af32b47ea29e3ca66727,0x35603daefda94d16e90dd27d9d55bd7893d9f6f7,0xa0b86991c6218b36c1d19d4a2e9eb0ce3606eb48,USDC,31592424,Avalanche
16117757,37:59.0,1670233079,0xff398d6c473b7c3d862408ef50f0318ad8094085f94d75918ad852de26c35fa6,0x61be3ab867c83c04f156492eb487b13fc9a44583,0xa0b86991c6218b36c1d19d4a2e9eb0ce3606eb48,USDC,300000,Avalanche
16658502,32:35.0,1676759555,0x7130941a992bdeb839df107b5f50af3c64638d1084bc314b0c9067c0d1121996,0x586475555f000c25d267e05d79be38756be1475f,0xa0b86991c6218b36c1d19d4a2e9eb0ce3606eb48,USDC,33647849,Moonbeam
16727467,11:59.0,1677597119,0x90af1ed093497d20c0f9984a835c21453616f3eb6c007263be0fdf7be77273c6,0xb01918dfd58f1f7ff7dbf75e60f5dbc36686ebab,0xa0b86991c6218b36c1d19d4a2e9eb0ce3606eb48,USDC,963958011,Moonbeam
16611581,47:47.0,1676191667,0x60678cb2815c72bfd138dcdfc3070e1c44195c8213b490568c73207bf2fadadc,0x0a35431bd29ec7f000648349c3f83036d8eeafac,0xa0b86991c6218b36c1d19d4a2e9eb0ce3606eb48,USDC,1714797942,Fantom
16621511,05:59.0,1676311559,0x4035ff6637ecbf4ad979c142dfc93ae63b30a38fe3614528d5c56795eac3a8f7,0x89f39f7bc269a6972948ffa32ce1537ea68a8d4e,0xa0b86991c6218b36c1d19d4a2e9eb0ce3606eb48,USDC,1050000000,Moonbeam
16707817,59:23.0,1677358763,0x254cd0a212665633bc71dff795c1370c0e5b0f7ac6fe496a0706d8d15ebbdfb6,0xe7ecc931c7833a526f8ea6d1ee8a30419d94381a,0xa0b86991c6218b36c1d19d4a2e9eb0ce3606eb48,USDC,234792881,Fantom
16542205,07:59.0,1675354079,0xe875410b88cd8c9cda9e2ce8ca15bca7c9a55d24b1f51bd906e8182fa052105d,0xd15cf01ffb9955bacebbfedcc8d3ef4d74b4cf6d,0xa0b86991c6218b36c1d19d4a2e9eb0ce3606eb48,USDC,1676070442,Moonbeam
16507119,30:47.0,1674930647,0xd6b1e8c7bc2367905c1bb2251cf33e0a16d5f93ba69ff7393dcf23ae16a40b33,0x0c5b23aa81e6e16a98d6b2d015397b2860c8f480,0xa0b86991c6218b36c1d19d4a2e9eb0ce3606eb48,USDC,15717740,Arbitrum
16555669,18:47.0,1675516727,0xc56d87c2f52bdb82e942cae249ae6c876eb08c0393c245020239ede54e0d6f77,0xa70e6fe4488104be32b9b657f5be7b68afc17f9a,0xa0b86991c6218b36c1d19d4a2e9eb0ce3606eb48,USDC,995514378,Arbitrum
16558820,52:23.0,1675554743,0xf5edc128d644a972badc9d47d41d261e1469d30c2b064d265f6353e9e93660be,0xbfdaa6370506992bccef0cb2148e530c5dbb41b9,0xa0b86991c6218b36c1d19d4a2e9eb0ce3606eb48,USDC,100008430,Avalanche
16691202,49:11.0,1677156551,0x79e8e0d5af77d33e66feb85470ae09998c81f9175c5b54ea129f85daca6dd295,0x23038b2beccae773d9b830dde765ebdeb0249fba,0xa0b86991c6218b36c1d19d4a2e9eb0ce3606eb48,USDC,498786112,Moonbeam
16541122,29:35.0,1675340975,0xaba3d190a58b8c74cf320575a3fc7624f4f27dee46b8b9138b0bcae5304498b9,0x9f3ec768f7c5900409bbe39c74d50fb33d7afad1,0xa0b86991c6218b36c1d19d4a2e9eb0ce3606eb48,USDC,8346449,Fantom
16614120,17:47.0,1676222267,0xa1f99874fb38b3d66a13877cea9f633835298eb09d741a9f4800f73ebafc116d,0x1764c139e1241ffedac3ee96291357aef501c7d7,0xa0b86991c6218b36c1d19d4a2e9eb0ce3606eb48,USDC,9991103561,Fantom
16714794,30:23.0,1677443423,0xb201d33e5f9c102b2384a43d621cc4285aa32f3c0012ece883c991b21845de8d,0xc0cf5266ff773e245d6e37d87d228726b21506b9,0xa0b86991c6218b36c1d19d4a2e9eb0ce3606eb48,USDC,170000000,Moonbeam
16653892,58:11.0,1676703491,0xbef8cc669b5639c9214a46ce4d7914c73dc265764aa730fdd4f2c6916659b915,0xf71192613e22612c8494b2786e811be4cc95397d,0xa0b86991c6218b36c1d19d4a2e9eb0ce3606eb48,USDC,304853004,Fantom
16614036,00:47.0,1676221247,0x8a361c56272ad34dae5f62c021960f7147761411859dd585c87a9ad9a2e53060,0x1764c139e1241ffedac3ee96291357aef501c7d7,0xa0b86991c6218b36c1d19d4a2e9eb0ce3606eb48,USDC,5000608606,Fantom
16320590,29:47.0,1672680587,0xb915394f5b64c7ca7c8a0993e9688503b5181e15360711feba726c6c24962209,0xb9f3b3809b730d436896e76aeb9c363c9de7954d,0xa0b86991c6218b36c1d19d4a2e9eb0ce3606eb48,USDC,150000000,Avalanche
16084029,35:35.0,1669826135,0x5334e7f3a6056d9e5a7b922e5e557d837f05f55896b980729acbbb901d2f6e28,0xdc89d549cc3a34c5657d7b622e8b34b86d5debc1,0xa0b86991c6218b36c1d19d4a2e9eb0ce3606eb48,USDC,12660473,Avalanche
16583337,02:47.0,1675850567,0xa191ddb3c5d3e3c9c7f3e069fd724be6e10333ce24b00958a611ba908ae5a1d0,0x306de5f79f5f03e2145b9e777d2dedee2107d86a,0xa0b86991c6218b36c1d19d4a2e9eb0ce3606eb48,USDC,480028736,Moonbeam
16583409,17:11.0,1675851431,0x8f8749a8b0740329fc56a864a64bd3ab1163b5c54889e489ca6262bf6b4815d4,0x0e79bf8a617e529c37ca0029ff003afb5c36a31e,0xa0b86991c6218b36c1d19d4a2e9eb0ce3606eb48,USDC,200045915,Fantom
16126301,18:23.0,1670336303,0x19c047212c44cdb1fe075538fa403c605e0a07fe94b8fc366b6eb4e1775350eb,0x0c5b23aa81e6e16a98d6b2d015397b2860c8f480,0xa0b86991c6218b36c1d19d4a2e9eb0ce3606eb48,USDC,62633556,Avalanche
16156184,46:11.0,1670697971,0xf711cda6bafb1251046a95e5e879ca9590ba70820f3d3df0340ffa5d864f7d72,0xad3a87a43489c44f0a8a33113b2745338ae71a9d,0xa0b86991c6218b36c1d19d4a2e9eb0ce3606eb48,USDC,126717,Avalanche
16124698,56:47.0,1670317007,0x0212e27bcfae3f6a1ebce2d44ecb63501d5d16f4f8624924b300a699530c09b6,0x61be3ab867c83c04f156492eb487b13fc9a44583,0xa0b86991c6218b36c1d19d4a2e9eb0ce3606eb48,USDC,2512734,Avalanche
16084033,36:23.0,1669826183,0xd7be3b024fa19e6f529f31377e404831b3f46d654a5dc2e067045a67a1c5e230,0xdc89d549cc3a34c5657d7b622e8b34b86d5debc1,0xa0b86991c6218b36c1d19d4a2e9eb0ce3606eb48,USDC,12660466,Polygon
16084058,41:23.0,1669826483,0xe4c4560891d4610a476ca3ff6691d68aa78ec0a47350531b1f2c9c5b8ee095ce,0x59d7c970a5517b149448799386c74b4f2a61c100,0xa0b86991c6218b36c1d19d4a2e9eb0ce3606eb48,USDC,12712927,Polygon
16084060,41:47.0,1669826507,0x06ed846896b62a42b1f4e746fc6b6cbcab7244378bf683f2077c12d2d176ee2a,0x81cdff43f10768e7fa593a8f3fc87c69a304cdf9,0xa0b86991c6218b36c1d19d4a2e9eb0ce3606eb48,USDC,12712920,Avalanche
16549694,17:11.0,1675444631,0xac4d2ca1304c17aa541ace2a99fd80c3c501fa7dc3403181017c91367a66d741,0x8066eaa9acbe00b9788e2084e4f615895915a616,0xa0b86991c6218b36c1d19d4a2e9eb0ce3606eb48,USDC,256720232,Fantom
16659612,16:23.0,1676772983,0xf8a12871bf42db3bc6379a180938ac9ee65c69c45c2849867fc0ffc9a344d731,0x76b957e552d6dabd05ea6c4a1caa090f1dab97aa,0xa0b86991c6218b36c1d19d4a2e9eb0ce3606eb48,USDC,101376971,Avalanche
16084043,38:23.0,1669826303,0x23f695cb6abc85a89c8e3a6ec9e55668a45b6e769335182cf61da78b9747fbe4,0x225a5a875146089e9b628c10d9148e587f67317a,0xa0b86991c6218b36c1d19d4a2e9eb0ce3606eb48,USDC,126599331,Polygon
16166407,01:23.0,1670821283,0xb9c9faaf49af0ab7379fdb706d22ce4af5c8270bf02d89fe8607e27572bfdf45,0x3e897ff1aec9a7b13538f628495fbd90fb0669ff,0xa0b86991c6218b36c1d19d4a2e9eb0ce3606eb48,USDC,12399860,Polygon
16245225,08:35.0,1671772115,0x7bbefad309c8466329fb61f413be0db1644e1387c1be10dd96e8a9519db3efad,0x43e339fad7628fe1d42c10415adf0cf7ffe14078,0xa0b86991c6218b36c1d19d4a2e9eb0ce3606eb48,USDC,12198075,Arbitrum
16585175,13:23.0,1675872803,0x1d621c12ad3e39b17d5323df6b1f3c000ffb2928d31af9bc572cd7eeba3030c0,0x2de7ac5afd6d57cf8045fb0ced6a08b1cb443f19,0xa0b86991c6218b36c1d19d4a2e9eb0ce3606eb48,USDC,98648464,Fantom
16695523,23:59.0,1677209039,0xcc76c62dd0598b674719556af75b0cd1d777316e6f718e4db429349a98e309f2,0x5b1d81715a847cfd33b618983266f07e087356bf,0xa0b86991c6218b36c1d19d4a2e9eb0ce3606eb48,USDC,16453850,Arbitrum
16410981,21:59.0,1673770919,0x210b1d1118bfe2366171ff6d12a87a7ea30d848bfe939bde3f267043f3fd6d25,0x3e897ff1aec9a7b13538f628495fbd90fb0669ff,0xa0b86991c6218b36c1d19d4a2e9eb0ce3606eb48,USDC,15220398,Avalanche
16716958,48:35.0,1677469715,0x35874b60dce91c6952c726a51b2b42b5afd41353bc6552243afdf187cc83b9e5,0x64d196e9cc62ec70ca0379dfc38ccbff344dd38b,0xa0b86991c6218b36c1d19d4a2e9eb0ce3606eb48,USDC,300000000,Polygon
16724293,29:23.0,1677558563,0xeccbbcfac5fea41ba46fee7416db3416a2b280564499b8e3b71f91d81db0f19c,0xaa177a35757c29dab5f9d780b61086171a7504d2,0xa0b86991c6218b36c1d19d4a2e9eb0ce3606eb48,USDC,764991515,Moonbeam
16732345,40:11.0,1677656411,0x847b33cf0698dfd2468579b5b0139ac5ffa111dcf82eb0811dc1f85920cf0fbb,0xe6ed4162b3db20508ee124371db1f0b6f1ab33b2,0xa0b86991c6218b36c1d19d4a2e9eb0ce3606eb48,USDC,494773989,binance
16577266,42:11.0,1675777331,0x3ddd1c2a047d30c7238acfd5f5e2d6e165263258035c6a0079a2b71ad715b7c9,0x0a35431bd29ec7f000648349c3f83036d8eeafac,0xa0b86991c6218b36c1d19d4a2e9eb0ce3606eb48,USDC,30869111,Fantom
16724181,06:35.0,1677557195,0xa79832ef3e0f685145629249cf8a867a7ce4b5aba50a9ecb215c35db4f033e8c,0x610752e4784f0779bb71b35184bd21f468af1070,0xa0b86991c6218b36c1d19d4a2e9eb0ce3606eb48,USDC,157880038,Moonbeam
16536099,37:23.0,1675280243,0x27a384c515df52b96d14c50179d37d293aa68d3ac3e4aaadcde0aab047ebb1fb,0x5f036342b2d5dfbbf413a827049316036f571289,0xa0b86991c6218b36c1d19d4a2e9eb0ce3606eb48,USDC,200000000,Moonbeam
16716391,54:23.0,1677462863,0x3341ad83c45a6287e7d35df8928c64446efc260e492d27f763c815b810578a07,0x89f39f7bc269a6972948ffa32ce1537ea68a8d4e,0xa0b86991c6218b36c1d19d4a2e9eb0ce3606eb48,USDC,3010000000,Moonbeam
16693031,58:47.0,1677178727,0x6071aab226a41351a369ba407c2860cac80b9527a19d22fe27366828ad0dafea,0x7dbd0f75aa91c757ae6564d41dd59669023d57a4,0xa0b86991c6218b36c1d19d4a2e9eb0ce3606eb48,USDC,163791773,Avalanche
16636935,51:11.0,1676497871,0xc1faa23fc697af003162589eeca57c1e195c44047f536901036241fdd5580a74,0x26ca32b540bdb8080a514f82705c9e9ab53a5207,0xa0b86991c6218b36c1d19d4a2e9eb0ce3606eb48,USDC,16597685,Moonbeam
16512604,53:59.0,1674996839,0xa0c5647c5c9b304854186a659a784010c84ddb0cd56e6afb9c77e8b6ed06d1d9,0xd36aac0c9676e984d72823fb662ce94d3ab5e551,0xa0b86991c6218b36c1d19d4a2e9eb0ce3606eb48,USDC,320677402,celo
16716351,45:59.0,1677462359,0x66a6c2743c6c4e22841a6012d5ea81eaa0efdbf23e8351a7db7c1abf254d8d57,0x778131b7d2ea37b39625040075ec1024070d09d0,0xa0b86991c6218b36c1d19d4a2e9eb0ce3606eb48,USDC,130572821,Moonbeam
16156356,20:35.0,1670700035,0x64f70e0548f93d38a0b511e6a45b4312b7cb8018b2dc3bca2e97305625ee24bc,0xb9f3b3809b730d436896e76aeb9c363c9de7954d,0xa0b86991c6218b36c1d19d4a2e9eb0ce3606eb48,USDC,3000000,Avalanche
16156181,45:35.0,1670697935,0x72bceb732d11904c357679d68b9a20aa75f7f7f1b6425e00be593e61baacaaaa,0xad3a87a43489c44f0a8a33113b2745338ae71a9d,0xa0b86991c6218b36c1d19d4a2e9eb0ce3606eb48,USDC,11243253,Moonbeam
16156369,23:11.0,1670700191,0x9acabef59cb0fd687145e81e62ba2b0df34d4cff4c7f2e20343d423dd02c5c43,0x3e897ff1aec9a7b13538f628495fbd90fb0669ff,0xa0b86991c6218b36c1d19d4a2e9eb0ce3606eb48,USDC,100000000,Polygon
16556116,49:23.0,1675522163,0xb4f1ed1f703b662842976fbe1dfa26d9dc8c92699e21edaa39be217d92437563,0xca66b197d337f15f4b949e3201ee833c73665217,0xa0b86991c6218b36c1d19d4a2e9eb0ce3606eb48,USDC,1000000000,Fantom
16635855,13:35.0,1676484815,0x8b2dc71e0845c480f22595ae8b421dd56cfc971b15080d760ee6569c5d742089,0x00d3133dcacaf0480fcebcc8c50ebb66923d2b18,0xa0b86991c6218b36c1d19d4a2e9eb0ce3606eb48,USDC,50000000,Arbitrum
16156363,21:59.0,1670700119,0x4a44a317f0255fdd18af652587c17a01edcf6c2f19188904caf2c265202dc79b,0x3e897ff1aec9a7b13538f628495fbd90fb0669ff,0xa0b86991c6218b36c1d19d4a2e9eb0ce3606eb48,USDC,100000000,Avalanche
16243949,51:47.0,1671756707,0x6b5f56fec12fa0505e943ed8a2c266337eadbfd20a07e4b28d8aadf5560c2315,0x3d4316342acd2ded06507302404e9788ff5f4d02,0xa0b86991c6218b36c1d19d4a2e9eb0ce3606eb48,USDC,181833853,Arbitrum
16712496,45:59.0,1677415559,0x797f304d4fdb36439ba01570ad8b72b1bff7c5535e85ea395e7c1fb454582412,0xc88bc366617f418fc71b3bd2755b3cf8ec2197c2,0xa0b86991c6218b36c1d19d4a2e9eb0ce3606eb48,USDC,1000000000,Moonbeam
16607096,45:35.0,1676137535,0x62ce58f1368d283df159843f50128d650c5ccbf154fe863697f87783d0b31e1f,0x7c76931bc6419431cbbad74770c61e31fb53a04f,0xa0b86991c6218b36c1d19d4a2e9eb0ce3606eb48,USDC,1515793,Moonbeam
16453730,38:11.0,1674286691,0x8229096b2e91fd7575855c42ea9b5936c8cd378dcde34ba60eab2cb00976dec0,0x464a64328926c86d7e7b4d154274888b7726f102,0xa0b86991c6218b36c1d19d4a2e9eb0ce3606eb48,USDC,10000000,Polygon
16156374,24:11.0,1670700251,0x3bdb9de098bea3e80407f6671ff38d09363411b50a7af7bb91832f6ded3adbf9,0x3e897ff1aec9a7b13538f628495fbd90fb0669ff,0xa0b86991c6218b36c1d19d4a2e9eb0ce3606eb48,USDC,100000000,Moonbeam
16635906,23:47.0,1676485427,0xd5f126dfd6b4feb4b5fc50c84925b16978f2fe9776ace271c458b17fdaa82c94,0x1118b9398a87c9c81faeb4d0fe848b2fcb35b5f3,0xa0b86991c6218b36c1d19d4a2e9eb0ce3606eb48,USDC,535985493,Fantom
16490243,58:23.0,1674727103,0xb4d079a406878d8b5983b5ce90efa9c37b7aeba5542fe463245a0438f12bfea7,0x8af962c13411f10214d5b50e4beacec42f37c537,0xa0b86991c6218b36c1d19d4a2e9eb0ce3606eb48,USDC,1600071,Avalanche
16133937,12:11.0,1670429531,0x4281a5b606bad231647dd5e4233b3996478e7458f24f649ada2187b3ddc804e8,0x0c5b23aa81e6e16a98d6b2d015397b2860c8f480,0xa0b86991c6218b36c1d19d4a2e9eb0ce3606eb48,USDC,12280703,Avalanche
16658825,37:23.0,1676763443,0x9c58d8d9dccd0fca98ba5773d15c55a6546f038acf14d5befe581acaec612e19,0x8c2477c66565b2796d53c9d624572e01dec174e0,0xa0b86991c6218b36c1d19d4a2e9eb0ce3606eb48,USDC,498307525,Moonbeam
16142343,21:23.0,1670530883,0x5e9e5f325b79869be24563c9964b77b702a9c2dd2d567cf8028f220b26686136,0x661f947aad0916cf177e764c6fda2d4902f993f1,0xa0b86991c6218b36c1d19d4a2e9eb0ce3606eb48,USDC,12789969,Avalanche
16672823,47:35.0,1676933255,0xfe56c099789f4f28ffb94500431b3de5fcebf079c5188506be9f8eb2eda4888f,0xadfce14eab8df4878cad640b54a9596e48a3163b,0xa0b86991c6218b36c1d19d4a2e9eb0ce3606eb48,USDC,84804501,Polygon
16542750,57:11.0,1675360631,0xc58b97cd5526b8910bdff1bdac05b5a5e36f476cb40626c951ef53678d63cc83,0xf73bd5710d3e3d4e8db7ec6058f9fb77ff8414e9,0xa0b86991c6218b36c1d19d4a2e9eb0ce3606eb48,USDC,2393996143,Fantom
16542744,55:59.0,1675360559,0x3d5cdded9ea5e4c7c3d7d8a8355f0ef6c56565f1faa234a98c920e5900c0ddf7,0x64d196e9cc62ec70ca0379dfc38ccbff344dd38b,0xa0b86991c6218b36c1d19d4a2e9eb0ce3606eb48,USDC,167328035,Avalanche
16537650,49:35.0,1675298975,0x2c1acd5ecf03383b73c90dd1fc796166d8df058ab2b577981d6190a2068cec09,0xb5d0dea716865058c5ee06ff6e62eca5a7c167f6,0xa0b86991c6218b36c1d19d4a2e9eb0ce3606eb48,USDC,134736571,Polygon
16667309,13:11.0,1676866391,0x6119fb40b6b30a41e62738a29ea6f4084941d18ccb3481dd5c3244bcb24b7844,0xf53ff3f41a9327d12437297f2862b0813b066493,0xa0b86991c6218b36c1d19d4a2e9eb0ce3606eb48,USDC,475028356,Moonbeam
16487222,50:35.0,1674690635,0x7998c3a19a91394941e7b2a26113fd682256cf92d12eb53cd65a346f143235fe,0x3de3a257f0e50af9bf48aea633e06085695d9c1b,0xa0b86991c6218b36c1d19d4a2e9eb0ce3606eb48,USDC,2995000000,Arbitrum
16549169,31:59.0,1675438319,0x7fed6c67badb2562ceede195f1ac68b18852c7e9ec6c4e89d7aca73ecf6981dc,0x3869a06d11affaf760b51392c276339ff399f4e0,0xa0b86991c6218b36c1d19d4a2e9eb0ce3606eb48,USDC,16666401,Fantom
16590769,02:23.0,1675940543,0x12d6ac1faf139e728b8d1a782db9412c0a57254a22d5f7123bf7d11f1ab9ecbc,0x62c6e060ea69b7c6d145b73bc834ede9a1b7eed8,0xa0b86991c6218b36c1d19d4a2e9eb0ce3606eb48,USDC,73328607,Fantom
16560348,58:47.0,1675573127,0x82e2c64de6f7cb6edb501597e48c6e83ba976c5b7ad31614ecc2a24d51956284,0xa909be1ac709bc08bd8cd69604cee197360b3e33,0xa0b86991c6218b36c1d19d4a2e9eb0ce3606eb48,USDC,9980000000,Fantom
16658285,48:35.0,1676756915,0xa8998ff04c618ab1230989279862388a0db4c6b0a63a27efbf125f8fcb8393c6,0x2acbe85f5e71cb7c46b94e2cf3b817033571f561,0xa0b86991c6218b36c1d19d4a2e9eb0ce3606eb48,USDC,804000000,Fantom
16696139,29:23.0,1677216563,0x07c50fd5de8b3bf7e27e77dc5830c314287f4599ab8886022659ee4e67a5e184,0x1bad88b7e164025989b149f56f4c99274b7f34e1,0xa0b86991c6218b36c1d19d4a2e9eb0ce3606eb48,USDC,2464600,Polygon
16506213,28:47.0,1674919727,0xd691b604a1d58e94bd4abd05bba17d3e458764f262dbe35fbda583a1315454c5,0x66a254f4265ba279b282e7e44a7256e370d8b950,0xa0b86991c6218b36c1d19d4a2e9eb0ce3606eb48,USDC,20000000,Avalanche
16402910,19:47.0,1673673587,0xefa122763ba7669e517ff5872bdb92cef8f927cba938099c53828385c8ec9b70,0x61be3ab867c83c04f156492eb487b13fc9a44583,0xa0b86991c6218b36c1d19d4a2e9eb0ce3606eb48,USDC,3081166,Avalanche
16698246,39:11.0,1677242351,0x487634885a3ddb1a75793a2fe6e214346c8cd682e9f77afc1f4a40bed30374e1,0xfef4da24e4af6c94a873dc629603e09988c11271,0xa0b86991c6218b36c1d19d4a2e9eb0ce3606eb48,USDC,2059066658,Moonbeam
16651800,54:11.0,1676678051,0xf76847cb9092b3de9b92936f8c7fcca3f0353f56bf725a0bff9b23a036818b22,0x17da4f3654149e560a1ab0c93a91ce7718825e33,0xa0b86991c6218b36c1d19d4a2e9eb0ce3606eb48,USDC,101550650,Fantom
16532176,27:47.0,1675232867,0x8730829b81513a44389844ee11f1822482fdd21e78165c6ee51932a3ae330425,0x7560cbe62147199a7948bcb79770de071b5725bc,0xa0b86991c6218b36c1d19d4a2e9eb0ce3606eb48,USDC,47276016,celo
16698399,10:35.0,1677244235,0xeaa6a6bc0c449a70bb7f9c79714fb7a3b50f74aeb6ccd9c7f429e5fda930c7b0,0xcf339235b44198c990bc0d674cc6c7f3bffe1d1a,0xa0b86991c6218b36c1d19d4a2e9eb0ce3606eb48,USDC,492803919,Polygon
16636495,22:59.0,1676492579,0x238843a7a02a27459f9b4f080ea4a40b4fa3b8dbca96bccc906d9039ffbd0861,0xe39c8e76493129565c8ce77047de7ace4cff12d7,0xa0b86991c6218b36c1d19d4a2e9eb0ce3606eb48,USDC,1640917543,Fantom
16550480,55:11.0,1675454111,0xed975aff6644f3900f055eda7214f0c01874614f01ef060668134493b62a8564,0xcbd8bfd328c77a2781f58f5fba237670efdd7201,0xa0b86991c6218b36c1d19d4a2e9eb0ce3606eb48,USDC,330084798,Fantom
16645015,57:11.0,1676595431,0x7f8fce8bbeef125cc077022a5b6255d6da3ba7fda527fd9c9c3bf213aa6809b7,0x7c67539c3ffed589a31c410b270a492f60c27d27,0xa0b86991c6218b36c1d19d4a2e9eb0ce3606eb48,USDC,1523748289,Polygon
16644779,09:23.0,1676592563,0xc819c84dede8206635c9cb3f0333b745f3f6d1ad439cb86877e728090bcb4e0b,0x3de3a257f0e50af9bf48aea633e06085695d9c1b,0xa0b86991c6218b36c1d19d4a2e9eb0ce3606eb48,USDC,2456940367,binance
16644756,04:47.0,1676592287,0xa2342332d62f09939319523a532eff6208afcf4032fbb9987bd96a46916a5b8c,0xcffe19359d52e26d4d90f8a793d4a2ae34478121,0xa0b86991c6218b36c1d19d4a2e9eb0ce3606eb48,USDC,3626668986,Polygon
16500728,07:11.0,1674853631,0x7631a6b77d5a6a328265f579e68584f3dbe4baf47be82deed65cd6504f721f48,0x59d7c970a5517b149448799386c74b4f2a61c100,0xa0b86991c6218b36c1d19d4a2e9eb0ce3606eb48,USDC,4780145,Arbitrum
16500719,05:23.0,1674853523,0xb8baa36ec45101e1515cdc16f858191e79d760e426f85fbb241ade444c4e8f54,0xd3edcc3dbf984f72b222b5a2926deb873ded7c03,0xa0b86991c6218b36c1d19d4a2e9eb0ce3606eb48,USDC,15931415,celo
16500731,07:47.0,1674853667,0xfb59b0fd49dd6ef00f1856f7b38514c19e13e63b01aab8ae04117458dcfef6c1,0x6c189a9d09653cc3446c7bb3e0361487b0bdcb76,0xa0b86991c6218b36c1d19d4a2e9eb0ce3606eb48,USDC,10000000,celo
16547643,25:35.0,1675419935,0x9ad9b3092b5c44265aeb61fcc0faa45f56f081e7a57008fd4495a28a6c522227,0x306de5f79f5f03e2145b9e777d2dedee2107d86a,0xa0b86991c6218b36c1d19d4a2e9eb0ce3606eb48,USDC,14001170,Moonbeam
16706120,14:47.0,1677338087,0x9057c4836bc9fd05a15ded8890f3e93a137f225a11a161899a5c37b175cbe63a,0x3ace72757f247cf9a331d12e4e93f71809aec1e1,0xa0b86991c6218b36c1d19d4a2e9eb0ce3606eb48,USDC,106943812,Moonbeam
16732998,51:47.0,1677664307,0xd172b442f412d4ec9a9887ad076374e3daa89062ec9e6e57b420fb46a5182a7b,0x62c6e060ea69b7c6d145b73bc834ede9a1b7eed8,0xa0b86991c6218b36c1d19d4a2e9eb0ce3606eb48,USDC,74352015,Fantom
16706061,02:59.0,1677337379,0xe7c6f59f4341ac67d46303aa2ef3388fdaf64fa8474315865ff5626b1a765cf5,0xa0fa0248c78493b81c82822670e181dbf14f5c5b,0xa0b86991c6218b36c1d19d4a2e9eb0ce3606eb48,USDC,3193732050,Moonbeam
16500790,19:35.0,1674854375,0x384fc359a1275828f88c138133e7b1816584576b08328a79efa6b4448947015f,0x032f81c6ae8f40e556db04041b208ef1a3b76123,0xa0b86991c6218b36c1d19d4a2e9eb0ce3606eb48,USDC,31887602,Avalanche
16712159,37:35.0,1677411455,0xef044a6be5f297fbf33ea6d788f9bc8b7ac3210057d739e16e56f9acf558930c,0x6b83d4e7063d74c210c2b80257f6491cbbad99ea,0xa0b86991c6218b36c1d19d4a2e9eb0ce3606eb48,USDC,10897200,Moonbeam
16706400,12:35.0,1677341555,0x2ab391574150ced6268e73891f9eac18de94b858cda286ae5695b346d16d6eac,0x8421eaa30dd79b0e3f998a00f8bcaeaa400eac2e,0xa0b86991c6218b36c1d19d4a2e9eb0ce3606eb48,USDC,477513317,Polygon
16701301,59:59.0,1677279599,0x5fe6f02ae6f99051c1b9e9cf4b9e6114d53dee239ed5a7780951da0235389f56,0x277d83ea66e1902e1822b9526ea7a2d150a363b6,0xa0b86991c6218b36c1d19d4a2e9eb0ce3606eb48,USDC,375561779,Moonbeam
16706378,07:59.0,1677341279,0xc0d1b4e19de672aef223c44a1af6fbedb576b95ef7c14f8ce0249f1c9db8b7d8,0xbaeeb113dc6fc6a67b5a0bcb8154c6b71081d3b9,0xa0b86991c6218b36c1d19d4a2e9eb0ce3606eb48,USDC,4999439224,Moonbeam
16500722,05:59.0,1674853559,0x8e65dd0f5f9936097e2cc84b1d8e9bcf42df3fa36b655aec32ae35fe9fe1d7a0,0x6c189a9d09653cc3446c7bb3e0361487b0bdcb76,0xa0b86991c6218b36c1d19d4a2e9eb0ce3606eb48,USDC,1593235,Arbitrum
16500778,17:11.0,1674854231,0x7e6780bcf412c7ceddd5a26a29c831a26e267869d7c17a65301ebf27198d0a4e,0xc8d0b7f5507d3da840ea1d90bb52c05ec7d4d710,0xa0b86991c6218b36c1d19d4a2e9eb0ce3606eb48,USDC,159406515,Fantom
16706034,57:35.0,1677337055,0x304e6fa7bb96144c5008e2c1d05d5d5d7e107d3ac29d859ea84f1747ba55361f,0xb6ada7c008e4eb8a3bf338fe7aa23f272aebc4ef,0xa0b86991c6218b36c1d19d4a2e9eb0ce3606eb48,USDC,100000000,Moonbeam
16706173,25:59.0,1677338759,0x24cf5a2a318715f82cd289edaed41b5aa959d6cba5894608cef111e41077e8a8,0xa0fa0248c78493b81c82822670e181dbf14f5c5b,0xa0b86991c6218b36c1d19d4a2e9eb0ce3606eb48,USDC,15958460,Moonbeam
16500713,04:11.0,1674853451,0xb81a4d62db50a48c43808998433b600d7d437e2db0170f9af713e7dc2f0e772a,0xd3edcc3dbf984f72b222b5a2926deb873ded7c03,0xa0b86991c6218b36c1d19d4a2e9eb0ce3606eb48,USDC,15931300,Arbitrum
16706074,05:35.0,1677337535,0x0820e86a31b336364d3cdda938f4a5e33284a8c45c9bf1872bde366b27a6baab,0x37facc790b36dc08446381c4873962f2bc94a5d2,0xa0b86991c6218b36c1d19d4a2e9eb0ce3606eb48,USDC,1384617093,Moonbeam
16723531,55:35.0,1677549335,0x2b030295cb5f5faf20e43e5694b031a019613df979e92bbeca1a13cfa65c8b92,0x068db8c0d4592efafdf5452a4feaf45d0510cc61,0xa0b86991c6218b36c1d19d4a2e9eb0ce3606eb48,USDC,73200125,Fantom
16172354,58:47.0,1670893127,0x1e7ffd7ee318bb9e5065616ececb08a94e9a8077158d9614645b5227a16149e1,0x3e897ff1aec9a7b13538f628495fbd90fb0669ff,0xa0b86991c6218b36c1d19d4a2e9eb0ce3606eb48,USDC,253824,Avalanche
16623425,30:11.0,1676334611,0xf4d0d1f32f9c1de2d52ace57d2141893a550e7b68967fd9f0fb50c14eb2bf37d,0xca34d5f51349eb7ad64feada1c93d3d1511bd8f1,0xa0b86991c6218b36c1d19d4a2e9eb0ce3606eb48,USDC,150284786,Moonbeam
16666194,27:47.0,1676852867,0x09f2aecb740d70ff6d1b73d00e3af9890c0a54d9e656c7d713f4d4e176df00bc,0x638a8d6d66eae8f68ee75ace98fe2a44312ce471,0xa0b86991c6218b36c1d19d4a2e9eb0ce3606eb48,USDC,1613803858,Polygon
16651831,00:23.0,1676678423,0xb4a3c1b61a60a6da306e349f8c3b02c370151860310e0f0c387f82fb39b38bb1,0x8f51dc0791cddddce08052fff939eb7cf0c17856,0xa0b86991c6218b36c1d19d4a2e9eb0ce3606eb48,USDC,2000000000,Polygon
16563507,33:47.0,1675611227,0x7df72f315a468cde4027b88135e92215d8dac20863085ba69c32edae507b95b1,0xcdbfe8209cb0afe95aa092def212aa4a434a9120,0xa0b86991c6218b36c1d19d4a2e9eb0ce3606eb48,USDC,12315869,Avalanche
16489347,58:23.0,1674716303,0x0b1f0a65bcfca4b6028c11cfa5e0a869b5392a1cd45f5bd5c7a6e783c5290d20,0xf3a70004c2ba755638408f79d06d86c66b8e7939,0xa0b86991c6218b36c1d19d4a2e9eb0ce3606eb48,USDC,160398845,Avalanche
16701139,26:47.0,1677277607,0x7160385d007f0d9edd2768e441362ec85307b6997cdd6ce228941edeb04f9cd2,0xbf4a60736dd30b807e176e97ae2fd551d0764eb2,0xa0b86991c6218b36c1d19d4a2e9eb0ce3606eb48,USDC,272294989,Fantom
16707189,52:11.0,1677351131,0xe7880b54218c104ce7f9c83a391f22e726bf1450c0f7eb2bcb30bef2ee39e7f1,0x37c19d05cb62ed487b7c46e80e0d530f42004ea8,0xa0b86991c6218b36c1d19d4a2e9eb0ce3606eb48,USDC,2380467460,Moonbeam
16706867,47:11.0,1677347231,0x3eb121e77d8a01dcf315b7e6b19f70916c66e7e33674d8241b0c58b67a3450d8,0x37c19d05cb62ed487b7c46e80e0d530f42004ea8,0xa0b86991c6218b36c1d19d4a2e9eb0ce3606eb48,USDC,7960688,Moonbeam
16071138,21:23.0,1669670483,0x71ecedd3fb7ea31301736c79b381a70f419ba769e2759a7fc72c12cd00cf2631,0x0c5b23aa81e6e16a98d6b2d015397b2860c8f480,0xa0b86991c6218b36c1d19d4a2e9eb0ce3606eb48,USDC,11679117,Avalanche
16707084,30:47.0,1677349847,0x9fb46e8d955f54fefc54a029cbf304dc1abcaa206adc16779b49896d72e2d34f,0x1a79f73b8209aa881ea2f6ac1ed4a15e822b1677,0xa0b86991c6218b36c1d19d4a2e9eb0ce3606eb48,USDC,1592707,Moonbeam
16706866,46:59.0,1677347219,0xbd2f9f2aae87b8403f2e15b4cfec19bd018433e18fd92f131aa2313d05611b4c,0xbaeeb113dc6fc6a67b5a0bcb8154c6b71081d3b9,0xa0b86991c6218b36c1d19d4a2e9eb0ce3606eb48,USDC,5999984238,Moonbeam
16490224,54:35.0,1674726875,0x0d9914e379e07ba428fd9f6d2589cc1ecaa0d677b357134ba24b736a8fdc00ff,0x8af962c13411f10214d5b50e4beacec42f37c537,0xa0b86991c6218b36c1d19d4a2e9eb0ce3606eb48,USDC,2000000,Avalanche
16622615,47:35.0,1676324855,0xecbf76772a10e56307677f29b1b64d59b6498f3fc0a0d248b2e7cd0c87a53b5a,0xe7ecc931c7833a526f8ea6d1ee8a30419d94381a,0xa0b86991c6218b36c1d19d4a2e9eb0ce3606eb48,USDC,22233683,Moonbeam
16588706,06:59.0,1675915619,0x956381dc8ec359f7e72d0abbb7a8af3e62de3594954e52437c3e21e54845edc1,0x0a35431bd29ec7f000648349c3f83036d8eeafac,0xa0b86991c6218b36c1d19d4a2e9eb0ce3606eb48,USDC,349634857,Fantom
16633774,13:47.0,1676459627,0x2352a15fa1270bd95f12f572565c9138c9e1eb7a70d5d6a2a0ec82fb38610d33,0x9deba4229668a0346b0b5315222d0eccbd13c41a,0xa0b86991c6218b36c1d19d4a2e9eb0ce3606eb48,USDC,38831629,binance
16211703,53:59.0,1671368039,0x58d357caf4426876e57234ad2d6013aa023b8d0ef025bc1196fc2a2c7f4ca205,0xad3a87a43489c44f0a8a33113b2745338ae71a9d,0xa0b86991c6218b36c1d19d4a2e9eb0ce3606eb48,USDC,1000000,Avalanche
16606055,16:23.0,1676124983,0x5f49213ddaabef5831b87be2319672a4469b9f8f78e3cc341b680c5da032884a,0x79176131ee0bfb211789679cc9c7c9f4fc6efef0,0xa0b86991c6218b36c1d19d4a2e9eb0ce3606eb48,USDC,2000000000,Moonbeam
16538735,27:59.0,1675312079,0xb0016cbf2b3611896dde3d18a8243812fb2a3526e124e9d40b98accf8ee5b99a,0x8b78d97a6fc30a36eec02f74b281a6a8af121139,0xa0b86991c6218b36c1d19d4a2e9eb0ce3606eb48,USDC,13337375,Moonbeam
16544880,06:47.0,1675386407,0x38c3b1fb0b34ddd9429bcd143ed2a9acc6054e68d5dcc1e56f48d808438c8176,0xd8296a9da1847a6e90b8b7bb4573f3f528cd8c41,0xa0b86991c6218b36c1d19d4a2e9eb0ce3606eb48,USDC,328099564,Moonbeam
16512293,51:23.0,1674993083,0x9f22b9badd74ab4d5f5beede3c296d4ccbf7c3e841a13814dbe0b23c010cd7cb,0xf9f1b6baf7a45808280e891516162fa9d7d65c0c,0xa0b86991c6218b36c1d19d4a2e9eb0ce3606eb48,USDC,400000000,Avalanche
16606194,44:11.0,1676126651,0x9551e6f363c3559305902e23ce7d95f48e2eadd67f4e2e06c31d73200289429b,0xfe5bab72af1aea76aabc28562e584e59d2708196,0xa0b86991c6218b36c1d19d4a2e9eb0ce3606eb48,USDC,303739899,Fantom
16512431,19:11.0,1674994751,0xeb0715b9b3a0f00923d3bebdc7f223baf3a9ee26162e2f956e2d49a8e45cb4cb,0xd36aac0c9676e984d72823fb662ce94d3ab5e551,0xa0b86991c6218b36c1d19d4a2e9eb0ce3606eb48,USDC,1601709755,Arbitrum
16538641,09:11.0,1675310951,0x039ded4b057b94a58969ec2b49c1dde97ef18da4c2677fb94a6cf3474dd33614,0xabfaecd310bb3455c767f1d10b94ff2a00146e6b,0xa0b86991c6218b36c1d19d4a2e9eb0ce3606eb48,USDC,2975125115,Fantom
16539007,22:59.0,1675315379,0x554b6f40c5066b1eb1184d18c3d160da4222a07dcf6d48d6c61a0566503b1c1c,0x7a0dcf4197414c67e53a22fea88c00f387a35031,0xa0b86991c6218b36c1d19d4a2e9eb0ce3606eb48,USDC,33420795,Fantom
16571196,19:23.0,1675703963,0x32a5c8a38fd58a8eabba4c034e7af8ed8f298d41353767958191d1ed557a5fbc,0xe566c8427bfe7fa78deed10523e411a6e2cc7a79,0xa0b86991c6218b36c1d19d4a2e9eb0ce3606eb48,USDC,82021464,binance
16512334,59:35.0,1674993575,0x2bea74b07ae9747c6100d1815b0d595bb1132506ad0b4494df74d0351b58e1e8,0xd36aac0c9676e984d72823fb662ce94d3ab5e551,0xa0b86991c6218b36c1d19d4a2e9eb0ce3606eb48,USDC,800478771,binance
16582428,59:47.0,1675839587,0xcd7e7068bd3717e543807a0bc7ba2d7031a62a9254fa86406734dd47140bdc05,0x306de5f79f5f03e2145b9e777d2dedee2107d86a,0xa0b86991c6218b36c1d19d4a2e9eb0ce3606eb48,USDC,500004605,Moonbeam
16538813,43:35.0,1675313015,0x47b0ae964492e60929604946d607c3d4e5a9205b7d3f371910949cdc4e37d9f9,0x23a4d7dba12d8023970a3bc33478a047d97ab632,0xa0b86991c6218b36c1d19d4a2e9eb0ce3606eb48,USDC,984422524,Fantom
16681424,49:35.0,1677037775,0xe673490589e1f160fc99541b1f7d3f16fedd092734d9f0203a524aa9f3ecf636,0x6dea06ea9ef4e71dec5c25d0198852f1020bf6a0,0xa0b86991c6218b36c1d19d4a2e9eb0ce3606eb48,USDC,952523947,Fantom
16653459,30:23.0,1676698223,0xe81fd04723b632e0d9ff4fa48c2f60eb7c92f070b2687006459b2a919e837b70,0x1159627c925634ba51de863fd2d3bfa7a51a95e5,0xa0b86991c6218b36c1d19d4a2e9eb0ce3606eb48,USDC,45827300,Fantom
16637487,42:35.0,1676504555,0x9ebc7ccae3264725521c17cdd583146da3c036f5141f247ef796ee25edc132fb,0x3527170d1316dd7434b1d457c68372fb584c1dd1,0xa0b86991c6218b36c1d19d4a2e9eb0ce3606eb48,USDC,170478581,Fantom
16604054,33:47.0,1676100827,0xd4b648aa7912bd77f672c2ba7bc728f43b21a9e8f6e1f0f115db9da99d7a39de,0x23038b2beccae773d9b830dde765ebdeb0249fba,0xa0b86991c6218b36c1d19d4a2e9eb0ce3606eb48,USDC,1000000000,Moonbeam
16521606,03:23.0,1675105403,0xaac2bbfaeaa84763f1dc4eeeb9ec71b8cf5886b92effec1cfc1299c90458808e,0xd8005e8edf656f8c9ee82287390b5a1ed8614211,0xa0b86991c6218b36c1d19d4a2e9eb0ce3606eb48,USDC,15735049,Avalanche
16542591,25:11.0,1675358711,0x06ff742e3ebb7e74bd26118bbd4ea00eb894e55e6d102424cef00e5904fdd606,0x6529f35723a510f0a1e4f1bdb8c49843e2ddffbd,0xa0b86991c6218b36c1d19d4a2e9eb0ce3606eb48,USDC,2940450000,Moonbeam
16672116,24:59.0,1676924699,0x4e1fa67d25f0ffa077c0a96f4457a793c8d653b1015d926f723d476e79c2bb28,0x9151eb811916ff4854cb59ea4c6002f96a13fc0e,0xa0b86991c6218b36c1d19d4a2e9eb0ce3606eb48,USDC,902368984,Moonbeam
16584480,53:11.0,1675864391,0xa901ed791b503d5fe9567de3d1219b6f22da37ad3cae97d5d036e7d1d7b90402,0x417eddd25d55bfac6360bedcb75b9b02750e6f9a,0xa0b86991c6218b36c1d19d4a2e9eb0ce3606eb48,USDC,5399433147,Moonbeam
16487724,31:23.0,1674696683,0x23ec1f3e077ec43ddc091718a82423c0c576429abd5c80316db29c4ef7cfd4cb,0xa57adce1d2fe72949e4308867d894cd7e7de0ef2,0xa0b86991c6218b36c1d19d4a2e9eb0ce3606eb48,USDC,1620116,Arbitrum
16584464,49:59.0,1675864199,0x9c0ef9db99d71c8ab426df818c68611f4735cac759f05f8fd74027adcc65e173,0x1cd025cde4c14fd36a6a539d2d4432bfba4c47f7,0xa0b86991c6218b36c1d19d4a2e9eb0ce3606eb48,USDC,2091340927,Moonbeam
16584678,33:11.0,1675866791,0xc1f26a67d97e71223d8238f2178d2b98732c3667f575699753d944f72a0c9dcc,0x3588fe526d92dfc8da9b9e812a7ba8d6c16cc63c,0xa0b86991c6218b36c1d19d4a2e9eb0ce3606eb48,USDC,33324730,Moonbeam
16576651,37:35.0,1675769855,0xe824fd702a3eec4978d66b32847097f22bb06d23c249e34191dff6208f496b5d,0x62c6e060ea69b7c6d145b73bc834ede9a1b7eed8,0xa0b86991c6218b36c1d19d4a2e9eb0ce3606eb48,USDC,98120030,Fantom
16091216,41:59.0,1669912919,0xe960c9d5099d0ec0790360fac1061b463cec67e13b5b88f42fed787dab268add,0x3e897ff1aec9a7b13538f628495fbd90fb0669ff,0xa0b86991c6218b36c1d19d4a2e9eb0ce3606eb48,USDC,25317221,Avalanche
16131188,52:47.0,1670395967,0x023b40a71011698182aed1ad97f78090bd409aab82ac3619c1e0150a6ceb1418,0x225a5a875146089e9b628c10d9148e587f67317a,0xa0b86991c6218b36c1d19d4a2e9eb0ce3606eb48,USDC,62524472,Avalanche
16672076,16:59.0,1676924219,0xb71c451446714794597767e5f4c86477b4b5149d27428ae1772c6368f1794f5b,0x29a07aaf29a5d9ceec1e735955172739e4b7e145,0xa0b86991c6218b36c1d19d4a2e9eb0ce3606eb48,USDC,100000000,binance
16631440,24:23.0,1676431463,0x1261f890728e8405b25ac37a1bc0b9bc800e2ff21633f01a66411858ad61c103,0x7d374fe73fd8358a93c53e978477f7ba4129be0c,0xa0b86991c6218b36c1d19d4a2e9eb0ce3606eb48,USDC,126775949,Fantom
16650114,10:23.0,1676657423,0x332fd2cc504016827bc797703582dc16b6a8d0ea9590a698fd92b7b2a22b6125,0x36e1089f400c61379484e0b376e407ef0eb17df7,0xa0b86991c6218b36c1d19d4a2e9eb0ce3606eb48,USDC,987798317,Fantom
16631440,24:23.0,1676431463,0x539d9db8e661b24d189c5db7e8519d486e834564620b221a303694a302338ebf,0x5e86f18d50597a0c75de91972fc8261b46749fad,0xa0b86991c6218b36c1d19d4a2e9eb0ce3606eb48,USDC,309335687,Fantom
16576648,36:59.0,1675769819,0xf27109cd95dac217721e194413f8b184a3426af4cd2bc752ee7577759529c917,0x8f5915a19eb2ba78bc90ad0317d9ed0d161cbfec,0xa0b86991c6218b36c1d19d4a2e9eb0ce3606eb48,USDC,16352999,Moonbeam
16217498,18:35.0,1671437915,0xef2bcbcb98edfce0fde19c0efc6dde2ffc95812932097bf91f8f6dc5acf4f56a,0xb13cd07b22bc5a69f8500a1cb3a1b65618d50b22,0xa0b86991c6218b36c1d19d4a2e9eb0ce3606eb48,USDC,70000000,Polygon
16540673,58:59.0,1675335539,0x5bcf6bb2e930cb70c397d823d10ee8447feddb83ccb01dcb62084b197f19986b,0x5dc3fad7105c40af78076bf791229fdbfc994324,0xa0b86991c6218b36c1d19d4a2e9eb0ce3606eb48,USDC,333390115,Fantom
16706610,55:11.0,1677344111,0x3a2a1155e4c98dbb7d9cdac244e99cd769e9d1e9420514bb17ef14a9515e9ed1,0x7bc277050216d582e3cc95375041a06fc5755181,0xa0b86991c6218b36c1d19d4a2e9eb0ce3606eb48,USDC,159295259,Moonbeam
16545970,48:23.0,1675399703,0x4464e82f71a3f37f73e294e46d0d64bcc0bc798eedd0bf925e6c1afe47b86933,0xd200f6f1f7fcad02c9a10009496bde81085c221f,0xa0b86991c6218b36c1d19d4a2e9eb0ce3606eb48,USDC,220426741,Moonbeam
16706639,00:59.0,1677344459,0xffc6e53f71c5f755cdbea919b73e16777f252deb392e91981a49fce0601d1ffa,0xdd3b3624a6d08d61c562f2fa577aad51dcdcf48b,0xa0b86991c6218b36c1d19d4a2e9eb0ce3606eb48,USDC,191159107,Fantom
16217500,18:59.0,1671437939,0xe129d0ceceb96cb5b4719012f7f06d8703557dfd7c83e4c4c6e71a18da62c9d0,0xb13cd07b22bc5a69f8500a1cb3a1b65618d50b22,0xa0b86991c6218b36c1d19d4a2e9eb0ce3606eb48,USDC,5889699,Polygon
16656899,07:47.0,1676740067,0xbd53bc031a78d816dc8c45ad5e4d236a5edee013983254215ed36e64a4955edb,0x3ba005cd1b720fe3ff421b25d1419b8510da9221,0xa0b86991c6218b36c1d19d4a2e9eb0ce3606eb48,USDC,150000000,Polygon
16457430,00:47.0,1674331247,0xaaee459591e0e4a42f918167ec9a46354311d6575e7c022565d8a5fa00431167,0x3e897ff1aec9a7b13538f628495fbd90fb0669ff,0xa0b86991c6218b36c1d19d4a2e9eb0ce3606eb48,USDC,1659734,Avalanche
16657038,36:11.0,1676741771,0xcb6d16d596c44865a1fe6ea13eda53699275e480dce83acd11e3cca024ae1ad6,0x36e1089f400c61379484e0b376e407ef0eb17df7,0xa0b86991c6218b36c1d19d4a2e9eb0ce3606eb48,USDC,208038324,Fantom
16719426,07:59.0,1677499679,0xdef7086f1cac31c69cb0489ba8a1906c0481dc794805a543bd90c229fa82b82f,0x79ebbd5deb486f8b1e969d000fadef972e141b90,0xa0b86991c6218b36c1d19d4a2e9eb0ce3606eb48,USDC,105699867,kujira
16586656,15:35.0,1675890935,0x892beab8dcd890203f2ccf28874bdf1e3840a02098942ef03b675b3cfd072e0d,0x650dfad81e90c94116d297376be6f8e10f3f49a7,0xa0b86991c6218b36c1d19d4a2e9eb0ce3606eb48,USDC,2200129665,Moonbeam
16083681,25:47.0,1669821947,0xf8d24bb7c96dd5f93e333e78e459090f45317d0b6ee5b19c9ae1af5f2bab22a3,0xb9f3b3809b730d436896e76aeb9c363c9de7954d,0xa0b86991c6218b36c1d19d4a2e9eb0ce3606eb48,USDC,60000000,Avalanche
16605696,04:23.0,1676120663,0x3be9178628ef84fe64b5c09317f586b52b6d218cbe4b4a908f8f6f26ebe9c165,0x47515585ef943f8e56c17ba0f50fb7e28ce1c4dc,0xa0b86991c6218b36c1d19d4a2e9eb0ce3606eb48,USDC,15153999,Moonbeam
16555815,48:35.0,1675518515,0xbfe5f7a6ff25d37e7f6b15a261a72ced574fbcbd6a14dcdfa65be622ff09ddfa,0x697e3ea936170aafe34a4ddc33400350386c3f72,0xa0b86991c6218b36c1d19d4a2e9eb0ce3606eb48,USDC,504294797,Avalanche
16083505,49:59.0,1669819799,0x24f7e2b5302071885fb95e52e885c28545c72be9ae8f7e768e5b9f9848405b7b,0xb9f3b3809b730d436896e76aeb9c363c9de7954d,0xa0b86991c6218b36c1d19d4a2e9eb0ce3606eb48,USDC,100000000,Avalanche
16559185,05:47.0,1675559147,0x973803a6e4a925cb11aa03233df24f8f6ba23bba01f967cc489b3fe1e3cbe58c,0xbfdaa6370506992bccef0cb2148e530c5dbb41b9,0xa0b86991c6218b36c1d19d4a2e9eb0ce3606eb48,USDC,99993303,Avalanche
16541903,06:59.0,1675350419,0x38f7afd40d8d5e2712e49b49931fb6fe7b020c5483d72a554d20c4da54644ab6,0x34d7bceaa2b3cfb1de368baa703683edc666d3f1,0xa0b86991c6218b36c1d19d4a2e9eb0ce3606eb48,USDC,4350943,celo
16702307,22:23.0,1677291743,0xa3b51312c9bdda17d3b375489762a96c6d59fbdf98ead8a25213315dd86b56da,0x2ef6b949765ea4c8aedd35c0702aa73abb1a2126,0xa0b86991c6218b36c1d19d4a2e9eb0ce3606eb48,USDC,16012953,Moonbeam
16644225,18:11.0,1676585891,0x72bbcb34c8abb53d3ac9ec95fa10815e740a734dd21bf75e377460a48579e190,0x9b6af078f0ee5dcf827d1f2bb5fef8fdad90c5af,0xa0b86991c6218b36c1d19d4a2e9eb0ce3606eb48,USDC,5624635825,Avalanche
16598611,18:59.0,1676035139,0x63754bc8a53c80ce90ed2494c6e784ca73db39ad3448d22c3e0e32f347544d41,0xb15835f5f7cdce7b04ed44f8e6cf86bf07fb6615,0xa0b86991c6218b36c1d19d4a2e9eb0ce3606eb48,USDC,153584177,Fantom
16601320,24:11.0,1676067851,0xabd8620b6f6fb6ee7936152a1f2998f25b034a35b6d8b28f67ef6f1a5399cb38,0x95814e50d465e7fea5f6c68696d5a55ae8b451fc,0xa0b86991c6218b36c1d19d4a2e9eb0ce3606eb48,USDC,302535678,Fantom
16559224,13:35.0,1675559615,0x266b3d0836094444216ac75183a26953c8b8e76d14c0dd2535f2dd72c7c56724,0xbfdaa6370506992bccef0cb2148e530c5dbb41b9,0xa0b86991c6218b36c1d19d4a2e9eb0ce3606eb48,USDC,98689063,Avalanche
16558970,22:47.0,1675556567,0x40d3480163224fc64ed0228ab96e12ab10fb1d70dd120f47876910f438d484f9,0xa6c70679050189f65d86c6ee8ec5a90a61fbc09e,0xa0b86991c6218b36c1d19d4a2e9eb0ce3606eb48,USDC,232750719,Fantom
16542514,09:47.0,1675357787,0xdc309b8dfe6f527d4a4925b53eadf3f2714c2973de1c88b2d5a86346aa5a72ed,0x1bfbc0c91287de1a13f164bbbde61d1c959b9a59,0xa0b86991c6218b36c1d19d4a2e9eb0ce3606eb48,USDC,16708045,Moonbeam
16156731,35:47.0,1670704547,0x04441fc7d26dcc5871c77673160fcbd77fa639672816ea601e81be5dabd0d6b0,0xb9f3b3809b730d436896e76aeb9c363c9de7954d,0xa0b86991c6218b36c1d19d4a2e9eb0ce3606eb48,USDC,1000000,Avalanche
16156736,36:47.0,1670704607,0x6fc11bb579d8db719bfe37f9a382ea515e7162bdf85fc5a3c9d339cdb70cd402,0xb9f3b3809b730d436896e76aeb9c363c9de7954d,0xa0b86991c6218b36c1d19d4a2e9eb0ce3606eb48,USDC,1000000,Moonbeam
16649558,18:11.0,1676650691,0x5e0c6938933006054374677183b107a4ee9e27cb9f8ab060b4b12dab2c3cfe58,0x2bc1ef8e62bb770113a880ce77f4747cd2ebad4c,0xa0b86991c6218b36c1d19d4a2e9eb0ce3606eb48,USDC,1000000000,Fantom
16485456,54:23.0,1674669263,0xefec342ea87d187c7ece0d2acab1f30ffc2339237c30bbe0f9eabe40e54b7f1b,0xacd50ada79a711b7f16a9ea2d8b611bb4722f052,0xa0b86991c6218b36c1d19d4a2e9eb0ce3606eb48,USDC,1546335029,Arbitrum
16156770,43:47.0,1670705027,0x485fe58feb7ab31f4c046beb8e1bdde1c3f6b6a7b273e2a8919af670786db4c8,0xb9f3b3809b730d436896e76aeb9c363c9de7954d,0xa0b86991c6218b36c1d19d4a2e9eb0ce3606eb48,USDC,126730,Polygon
16722991,05:47.0,1677542747,0x4598e00ade4b21aa1847129ee6adf30aa7d81856d58dc7dd3148fc1007f3e628,0x00d3133dcacaf0480fcebcc8c50ebb66923d2b18,0xa0b86991c6218b36c1d19d4a2e9eb0ce3606eb48,USDC,5000000,Arbitrum
16522537,10:35.0,1675116635,0x5717b669da816ebd053367110aa8b0f9165ffe70265cb800f6873f21414d92ba,0x6c189a9d09653cc3446c7bb3e0361487b0bdcb76,0xa0b86991c6218b36c1d19d4a2e9eb0ce3606eb48,USDC,15000000,binance
16559700,49:11.0,1675565351,0xd863db2020c8940b82c5343f2c34964f81cdbde1c22155a5cc40a9bfce3b0e1b,0x994cf01f34c51426bcb12bd30ff7079e280e1140,0xa0b86991c6218b36c1d19d4a2e9eb0ce3606eb48,USDC,7672007,Polygon
16494107,54:23.0,1674773663,0x1ebd2523548244a4266a515f08b675254401d5f347e0d7aee798caa04889cf90,0xa2b4d3f03b12cbe405827d171f5efe73fdfbfe83,0xa0b86991c6218b36c1d19d4a2e9eb0ce3606eb48,USDC,80101315,Polygon
16519081,35:59.0,1675074959,0x159c1d6ea750e46171cec115438db7112142db1e2876fae34a5020f74e2cf82c,0x5b1d81715a847cfd33b618983266f07e087356bf,0xa0b86991c6218b36c1d19d4a2e9eb0ce3606eb48,USDC,79341479,Polygon
16589965,19:59.0,1675930799,0xcda59e4d27a7a9b59dc18e8d1b5002c18ea4813e43f01d9da19de01b73db7332,0x27ed896fa1b8d8f6152f593ae7fcfa61d5c73f1c,0xa0b86991c6218b36c1d19d4a2e9eb0ce3606eb48,USDC,81393861,celo
16547902,17:59.0,1675423079,0x816b6644f6fa652233779ae3fc18d08ba190594990b82e1b4fad60cbce70ad0b,0xa75e1c4a0e2d13182d80f50be8402c576a3f8796,0xa0b86991c6218b36c1d19d4a2e9eb0ce3606eb48,USDC,131117651,Fantom
15986989,14:59.0,1668654899,0x45124e48f8fcfb1ac36800613b2e00fac6c69b482a554a1623d623f5847c0957,0x661f947aad0916cf177e764c6fda2d4902f993f1,0xa0b86991c6218b36c1d19d4a2e9eb0ce3606eb48,USDC,12055092,Avalanche
16547748,46:47.0,1675421207,0x11f39e2e049133b96107e2bd7c7ea8a1071dc13ac260f159379663cf99b82224,0x0cee8edcc728db54794ddfc2a421f6cdeff8fc17,0xa0b86991c6218b36c1d19d4a2e9eb0ce3606eb48,USDC,49070877,Moonbeam
16700465,08:35.0,1677269315,0x618a1079233f3f73c76fbaa78ebecaca225a7c72f82d709ec8c95458cc9810d1,0x76b957e552d6dabd05ea6c4a1caa090f1dab97aa,0xa0b86991c6218b36c1d19d4a2e9eb0ce3606eb48,USDC,32258031,Moonbeam
16626166,42:47.0,1676367767,0x1101c0ae93f564bb341fe3cc2eb38c1ca75749a1bec4cf272e7f4b75340f3bb3,0x2cbb730748c6484c4262fd4258ae6760df92591a,0xa0b86991c6218b36c1d19d4a2e9eb0ce3606eb48,USDC,119920830,Fantom
16616793,16:47.0,1676254607,0x89c673107f9060369f569488845fdd77dbd8e3e869437b91017fd97660fe798a,0x2790e0bb3e1b104aeecedd13b2fedf3216931743,0xa0b86991c6218b36c1d19d4a2e9eb0ce3606eb48,USDC,500000000,Moonbeam
16528322,32:35.0,1675186355,0x473583a9031d277893c36a29ceb96c2784bd2936d9ac939e79267cf61179ad60,0x6c189a9d09653cc3446c7bb3e0361487b0bdcb76,0xa0b86991c6218b36c1d19d4a2e9eb0ce3606eb48,USDC,10000000,Avalanche
16711583,41:23.0,1677404483,0x8db1e0470d066fef00820c59e958452bbe9ecf1af22014cf0f014347c77876c0,0xe27c58e4d8fd2888d8cf463905245eff818eaefe,0xa0b86991c6218b36c1d19d4a2e9eb0ce3606eb48,USDC,878287038,Moonbeam
16711404,05:11.0,1677402311,0x4d44ea3eaf57e9cc2030614367575c1af9e37740f45ab9ba19baf565cea33c83,0x0d024bb4d2c30e9d8a172069eae31195a75d1fba,0xa0b86991c6218b36c1d19d4a2e9eb0ce3606eb48,USDC,15965226,Avalanche
16579738,59:59.0,1675807199,0x194de9a6d1fd03917594d5c8c2dfad3e522262a10212c23acb8a92a295eff352,0xa2b4d3f03b12cbe405827d171f5efe73fdfbfe83,0xa0b86991c6218b36c1d19d4a2e9eb0ce3606eb48,USDC,58275372,Polygon
16597190,33:47.0,1676018027,0x470661f23c5f9b451e209d8be0a0e561679b989ee717cdb816c92c5355490310,0xe30d57efd79be4923874b57173960e8804c62f77,0xa0b86991c6218b36c1d19d4a2e9eb0ce3606eb48,USDC,46395639,Moonbeam
16690257,38:59.0,1677145139,0x889f01893f53669a1559177f6c751571d7cab7b7f2bab63a596bfaf715a62f12,0xc2e265a5842ac211ad2196b3fd795550fa19efa6,0xa0b86991c6218b36c1d19d4a2e9eb0ce3606eb48,USDC,19968932,Fantom
16473026,16:11.0,1674519371,0xdb68d433c48ad6089357d254c4824d6d5e603328562dbf182483716282220101,0xad3a87a43489c44f0a8a33113b2745338ae71a9d,0xa0b86991c6218b36c1d19d4a2e9eb0ce3606eb48,USDC,16222,Arbitrum
16211525,17:59.0,1671365879,0x3698a1c973102961c21b4c0243b2ebe4283c53c9d859c19396ad8f7c650ff135,0xb9f3b3809b730d436896e76aeb9c363c9de7954d,0xa0b86991c6218b36c1d19d4a2e9eb0ce3606eb48,USDC,500000000,Avalanche
16472965,03:59.0,1674518639,0xca9605bd6a68b29d9fe61c1ae79cf5a81f2577c2bcf46dcae36e85b93cbef8b6,0xad3a87a43489c44f0a8a33113b2745338ae71a9d,0xa0b86991c6218b36c1d19d4a2e9eb0ce3606eb48,USDC,16222,Arbitrum
16736545,49:47.0,1677707387,0x0bc772e36b5429d93a7c44fc7b01e9d1d021d7d26c1ff8ac7268a1e5815b4d6b,0x81122384f4e9f50d66b8271f6d86c69c2fabfccc,0xa0b86991c6218b36c1d19d4a2e9eb0ce3606eb48,USDC,88753548,Fantom
16650247,37:47.0,1676659067,0xe0095582f514b08cae83a3245d464c8f98c66ebc62842029c1c60464f5038fa9,0x6c6b14d1666420b09ead3019f9e6ba86bd02834c,0xa0b86991c6218b36c1d19d4a2e9eb0ce3606eb48,USDC,2000000000,Fantom
16546385,11:59.0,1675404719,0x802f00befe0fe16f592a6aa39bf7ee1d1b6f13ad6bf607b9e1c9af8c0a023d8c,0xccb8af0b22b1e9cf4846033c921f1c5c5755e881,0xa0b86991c6218b36c1d19d4a2e9eb0ce3606eb48,USDC,500000000,Fantom
16650267,41:47.0,1676659307,0x4bee428d9dcb76553ef112010efbff937893103cd98ba26f339be0dfe36cfffb,0x7fa222dc2564327f73c889f5e5337879f37de4cd,0xa0b86991c6218b36c1d19d4a2e9eb0ce3606eb48,USDC,1000063843,Fantom
16533656,25:35.0,1675250735,0xf61f5dcf6bc3b2a21f50af0071b222a5bf831b1e3c9a0ea4656a9bee5efa6f35,0xa9f91449317d6abd480a11f1312bbc173d25fad3,0xa0b86991c6218b36c1d19d4a2e9eb0ce3606eb48,USDC,440377941,Moonbeam
16729765,57:47.0,1677625067,0x544940452485e45054053a14f03e83d675358a85e0f951da28d9ceb551d2b46d,0x47515585ef943f8e56c17ba0f50fb7e28ce1c4dc,0xa0b86991c6218b36c1d19d4a2e9eb0ce3606eb48,USDC,9999137580,Moonbeam
16464129,27:11.0,1674412031,0x94b23c86bf55bce156e2efadde3b5cceaf167beab129242b5c6f5ecc916b5585,0xad3a87a43489c44f0a8a33113b2745338ae71a9d,0xa0b86991c6218b36c1d19d4a2e9eb0ce3606eb48,USDC,165384,Polygon
16650349,58:11.0,1676660291,0xaf5432e33b060f62d807c8ec8014a6153c84b6bed6f8e472019df18312b75a23,0x34844cd9b8c71f408ac339c53a522841fde07b80,0xa0b86991c6218b36c1d19d4a2e9eb0ce3606eb48,USDC,151915363,Fantom
16464123,25:59.0,1674411959,0x8f0aadf8cb751443f98e658bd3aa9c74dced155772ad00c9ab0f135bdd4832d3,0xad3a87a43489c44f0a8a33113b2745338ae71a9d,0xa0b86991c6218b36c1d19d4a2e9eb0ce3606eb48,USDC,100000000,Avalanche
16501933,09:35.0,1674868175,0xa61db471e48098ea81900fd23bf4ce29608c3858fd4db0a190d9411fb7a96488,0xa57adce1d2fe72949e4308867d894cd7e7de0ef2,0xa0b86991c6218b36c1d19d4a2e9eb0ce3606eb48,USDC,1000000,Avalanche
16500889,39:47.0,1674855587,0x0342918e805999db91f4b4cfceb266e867f6fe46fac70c6b5b9699bc4bf73a1c,0x8af962c13411f10214d5b50e4beacec42f37c537,0xa0b86991c6218b36c1d19d4a2e9eb0ce3606eb48,USDC,3193092,Avalanche
16659290,11:23.0,1676769083,0xd2f0f7f3e4a96af814470d8b121241b666dd13cc476856911967f11b5244ae33,0x76b957e552d6dabd05ea6c4a1caa090f1dab97aa,0xa0b86991c6218b36c1d19d4a2e9eb0ce3606eb48,USDC,101500960,Polygon
16096195,21:59.0,1669972919,0x27cc1a9140a5908fd1786db247dffd526cb795b70ac607606e186ee13d8fb8a4,0xb9f3b3809b730d436896e76aeb9c363c9de7954d,0xa0b86991c6218b36c1d19d4a2e9eb0ce3606eb48,USDC,2545662,Avalanche
16096081,58:59.0,1669971539,0x33bdb4ad8aeb379bedbbc63a0725ef286cbbee37123884cb073b9dc23a274945,0xa48ede22744a055bfa5ea4be441742299c684efb,0xa0b86991c6218b36c1d19d4a2e9eb0ce3606eb48,USDC,1272369,Polygon
16666206,30:11.0,1676853011,0x02b6c45d8fedd3b0f737dae063024183bce8e31956ec696fea78e19b04e50200,0x9b982f5879705752f7e48ebf0fe1e4937e85ae0c,0xa0b86991c6218b36c1d19d4a2e9eb0ce3606eb48,USDC,10000000,Moonbeam
16096205,23:59.0,1669973039,0x97807857925cb66a11df65127f874b7ba51eee0d28065b91481cb9caca66b6cb,0xb9f3b3809b730d436896e76aeb9c363c9de7954d,0xa0b86991c6218b36c1d19d4a2e9eb0ce3606eb48,USDC,3818522,Avalanche
16716509,18:11.0,1677464291,0x1bb0c2b861ba704fb4cd7d85d5743512be06980dd6423adf64e3af20ba574915,0xaa177a35757c29dab5f9d780b61086171a7504d2,0xa0b86991c6218b36c1d19d4a2e9eb0ce3606eb48,USDC,500026713,Moonbeam
16716318,39:11.0,1677461951,0x1b0b8f755ee9477cf1ee53e229e277043880f6d228af43ba5536b290090377fe,0x64d196e9cc62ec70ca0379dfc38ccbff344dd38b,0xa0b86991c6218b36c1d19d4a2e9eb0ce3606eb48,USDC,500000000,Polygon
16096216,26:11.0,1669973171,0xf409bfc6c62fdb4ae66f339d572f9c9af9108790f1135b02ca291c585b4ea048,0xb9f3b3809b730d436896e76aeb9c363c9de7954d,0xa0b86991c6218b36c1d19d4a2e9eb0ce3606eb48,USDC,3819051,Avalanche
16172352,58:23.0,1670893103,0x3edb632deb596016ef7b30577599a1ece3024c6e1d622b591c5bf9fd1cbc1a5c,0x3e897ff1aec9a7b13538f628495fbd90fb0669ff,0xa0b86991c6218b36c1d19d4a2e9eb0ce3606eb48,USDC,1269153,Polygon
16172356,59:11.0,1670893151,0x0f1a35b5602ab21de109d87f6dddcfa30c8d145b12a16bed45631e5b446b9e4e,0x3e897ff1aec9a7b13538f628495fbd90fb0669ff,0xa0b86991c6218b36c1d19d4a2e9eb0ce3606eb48,USDC,12691,Moonbeam
16617001,58:23.0,1676257103,0x5c2ca93be4537d8f2c94fca3b59ee0e65cc7d87b97cf9f5413628291b77b7ce3,0x76d4b0812445ace8db83031e495e6997542edc48,0xa0b86991c6218b36c1d19d4a2e9eb0ce3606eb48,USDC,20006289,Avalanche
16619043,48:59.0,1676281739,0x6051bb7cff9828cb12388fd4672d9777d75d42da27ed449b6a87ef4f47d46e70,0x32535ffe5bc0b1b62ba23e09b46aeb06e3ed2964,0xa0b86991c6218b36c1d19d4a2e9eb0ce3606eb48,USDC,148078096,Moonbeam
16706746,22:47.0,1677345767,0x3e24b3ce8090822b61fd7105793ccbd1d45b6950fcea52ae912446d812c727f2,0xbaeeb113dc6fc6a67b5a0bcb8154c6b71081d3b9,0xa0b86991c6218b36c1d19d4a2e9eb0ce3606eb48,USDC,9999974200,Moonbeam
16537641,47:47.0,1675298867,0xb200be84fb5fc8a71fb1b545c5d92995e6aa65ac0c01728e5045078f5489272e,0xfc5bf526b6670cb8d35ceb3b84fbf90fdd319528,0xa0b86991c6218b36c1d19d4a2e9eb0ce3606eb48,USDC,33680503,Polygon
16717076,12:23.0,1677471143,0x61b4ce6fd9d4282f2ae1deba7686b1d82a170a48bdba2ff203c6c163554cb3f1,0xe8181f3facb0f27089ac2929c6e4447f65361286,0xa0b86991c6218b36c1d19d4a2e9eb0ce3606eb48,USDC,277720489,Moonbeam
16675270,04:11.0,1676963051,0xf80999a9e0ca2d1d018c5146e7f7d579a7f436d756535e20d014f8fc76f2ec78,0xe76a110c64943ba6ada89847bf5ee070a8f23766,0xa0b86991c6218b36c1d19d4a2e9eb0ce3606eb48,USDC,3398387393,Moonbeam
16623347,14:35.0,1676333675,0x8d1543660cd42b82995c2aab9256e573b7df2d265e6a20e1e73754c204eb3c88,0xb21b12411f05e798afb4768630d3ae4bee2eaffc,0xa0b86991c6218b36c1d19d4a2e9eb0ce3606eb48,USDC,1653742137,Moonbeam
16664159,36:23.0,1676828183,0xba39e38e4c05b88fa7fb7b83868c1c2a06e24a82d8bf8db179045476af7e6bc1,0x0aafbeb8ad1cbc7780eb1db2cb71fa23bfa4554b,0xa0b86991c6218b36c1d19d4a2e9eb0ce3606eb48,USDC,686070570,Fantom
16574508,25:11.0,1675743911,0x6e771a5325986a45095e116a633f97df1be8a9f19831bb29a274bfd6ad3b4907,0x88e18c2409aff787dce18b2070be6998a3075057,0xa0b86991c6218b36c1d19d4a2e9eb0ce3606eb48,USDC,300070049,Polygon
16690068,00:23.0,1677142823,0x88bd0b2531952e3baa641be0dea0a0a719655911eb5e5f8912b85d8e72b53c23,0x18ebb5fb18aa993a1388f7ebd70f95effd599175,0xa0b86991c6218b36c1d19d4a2e9eb0ce3606eb48,USDC,42178060,Moonbeam
